item1	item2	n	n_norm	genes
neuron_msp_early	neuron_msp_early_all	367	1	SOX11;SAR1A;HNRNPH1;PPP1CB;CTNNB1;LMO3;MARCKS;MDM4;PCDH17;SRSF6;PTPRS;C1orf56;PPP3CA;LMO4;WTAP;BCL11B;HSPA4;INSR;SET;MARCH6;NFIB;CBX3;NDUFA13;GPM6A;PABPC1;RNF2;KRT31;BCYRN1;NFIA;ENC1;PAFAH1B2;SERF2;PRKAR1A;LLNLR-245B6.1;ATP5I;EIF4G2;IRF2BPL;MIF;AC090498.1;RND3;UQCR11;PTBP2;TNRC6B;TMA7;MAP1B;BEX5;PET100;ENAH;DCX;TRA2A;CDC42;USMG5;POMP;SATB2;RPP21;FTL;LIMCH1;COMMD6;PRDX2;CAMK2N1;NNAT;RAB10;ZNF462;ELAVL2;SLIRP;CNOT7;TRIM36;CSDE1;TMSB15A;YWHAG;PFDN4;ATP6V1F;TOMM5;RBP1;LINC00643;ARF4;SEC61G;TBCB;PRMT2;COX6B1;ZEB2;NEDD8;CAPZA2;PHPT1;LSM7;SUB1;CSRP2;GDI1;MEG3;FTH1;RPL13;RPS2;C4orf48;YBX1;PCSK1N;CKB;CCNI;COX5A;ZNF428;TUBB2A;YWHAQ;NDFIP1;C1QBP;TTC3;HMGN1;TERF2IP;CLTA;LY6H;JUN;TSPAN13;TMEM160;MARCKSL1;ATP5D;GADD45GIP1;PODXL2;HNRNPA0;RAB2A;STMN2;UQCRFS1;PTPRZ1;MAP1LC3A;KTN1;RAC3;MRPL41;RANBP1;PFN1;ITM2B;CALM1;SMARCB1;GUK1;ARPP21;PYURF;BCL7A;UBE2D1;ARF5;SCD5;MTDH;METTL9;DYNC1I1;MAP1LC3B;SCAND1;HMGB1;AFF3;UBE2D2;KLC1;EIF3F;SRSF2;WASF1;AAK1;FEZ1;NFIX;CCDC112;RTN4;SMARCA4;C5orf24;MT-ND2;HSP90AA1;CRMP1;VAPA;TCEAL2;C16orf13;MEF2C;COX4I1;HNRNPM;RBFOX1;PAK2;BHLHE22;HP1BP3;SYT1;PA2G4;SEPT11;JMJD1C;YTHDC1;NOVA1;RPRM;RHEB;APP;CBX1;PTP4A1;LINC01551;PCBP2;ARGLU1;ANK3;PSMA7;AP2B1;ARPC2;AKAP9;NUDT3;BASP1;ATP2B1;RTF1;AKT3;CTTNBP2;SQLE;SRGAP1;KIFAP3;UBE2E3;DDX46;SARAF;SERPINI1;RWDD1;H1FX;HSPA1A;HSPA1B;EPHB6;RHOB;MEIS2;FOS;SLA;TSC22D1;POU3F2;JUND;DUSP1;CLMP;DNAJB1;BTG1;NEUROD1;HSPB1;ID4;IER2;PDHA1;UNC5D;GNG4;PGAP1;POU3F3;DDIT4;PHLDA1;BTG2;SEMA3C;IFRD1;SAT1;DUSP14;NTM;JUNB;SRM;KLF6;AKAP8L;HES6;ZNF704;MLLT3;CADM1;TCF4;PLCB1;DPY19L1;CNR1;SETBP1;CASC15;PLXNA2;MT-ND1;PTCHD2;PAG1;KLHL35;SORBS2;ROBO2;PREX1;ST8SIA1;BAZ2B;SDCBP;SEZ6;LRP8;ST6GAL2;NRN1;HECTD4;PRKX;MN1;UBC;TTC28;CUX2;PPDPF;NR4A1;NR2F1;FOXG1;FOXN3;KCNQ3;POU3F1;WDFY3;KCNN3;AFF4;UNC5A;ARHGAP21;EPHA3;HS3ST1;ADD3;FAM57B;CELSR2;IER5;PNISR;CCND2;ZNF608;GPC2;PHIP;COL9A2;SRSF5;RBFOX3;MTRNR2L12;NKTR;EZR;MEX3A;TRA2B;EPHA5;CALD1;ZNF292;TMEM158;H3F3B;RP11-437B10.1;SMS;ARRDC3;GADD45G;BCL11A;INSM1;WBP5;HSPE1;RAB12;TCEAL7;ARL4C;TBCC;C19orf43;SLN;VSTM2L;FKBP8;CTNNBL1;SNAP25;DAAM1;HES4;CTD-2129N1.1;UPP1;TRNP1;GALNT13;SAMD12;ZNF182;TMEM191C;WNT7A;SNCG;CALY;MMP28;XBP1;RQCD1;UBE2S;C12orf75;ZBTB48;ZFP28;TMEM191B;FBXO38;GPR37;KIFC3;LRRC16A;MINK1;SPIDR;FLCN;ZNF264;PRPS2;CDH6;UHRF2;RCN2;RAP1GAP;SYNPR;NCOA5;CSAD;MACROD2;MT2A;TVP23B;STUB1;CCNG2;CALM2;NEFM;GAP43;TSTD1
neuron_msp_early	neuron_msp_early_shared	328	0.8937	
neuron_msp_early	neuron_msp_mid	165	0.4496	SOX11;LMO3;PCDH17;LMO4;BCL11B;NFIB;CBX3;NDUFA13;GPM6A;KRT31;BCYRN1;NFIA;ENC1;ATP5I;EIF4G2;MIF;AC090498.1;RND3;UQCR11;TNRC6B;MAP1B;PET100;USMG5;SATB2;FTL;LIMCH1;NNAT;ELAVL2;SLIRP;TRIM36;RBP1;TBCB;ZEB2;CSRP2;MEG3;FTH1;RPS2;C4orf48;YBX1;PCSK1N;CKB;CCNI;ZNF428;TUBB2A;NDFIP1;C1QBP;HMGN1;TERF2IP;CLTA;LY6H;JUN;TSPAN13;MARCKSL1;ATP5D;GADD45GIP1;STMN2;UQCRFS1;PTPRZ1;MAP1LC3A;KTN1;RAC3;RANBP1;ITM2B;GUK1;ARPP21;BCL7A;SCD5;MTDH;METTL9;SCAND1;HMGB1;AFF3;KLC1;EIF3F;SRSF2;AAK1;NFIX;RTN4;SMARCA4;HSP90AA1;CRMP1;MEF2C;COX4I1;RBFOX1;PAK2;BHLHE22;HP1BP3;SYT1;JMJD1C;YTHDC1;NOVA1;RPRM;APP;CBX1;ARGLU1;ANK3;AP2B1;ARPC2;BASP1;RTF1;AKT3;CTTNBP2;SQLE;SRGAP1;KIFAP3;DDX46;SARAF;SERPINI1;HSPA1A;EPHB6;RHOB;MEIS2;FOS;SLA;TSC22D1;POU3F2;DUSP1;CLMP;BTG1;ID4;UNC5D;PGAP1;POU3F3;SEMA3C;SAT1;NTM;SRM;KLF6;HES6;MLLT3;KLHL35;ROBO2;SDCBP;SEZ6;MN1;PPDPF;NR2F1;ARHGAP21;FAM57B;PNISR;ZNF608;GPC2;COL9A2;MTRNR2L12;NKTR;EZR;TRA2B;RP11-437B10.1;GADD45G;INSM1;TCEAL7;ARL4C;C19orf43;SLN;VSTM2L;CTNNBL1;SNAP25;DAAM1;CALY;UBE2S;RCN2;SYNPR;STUB1;CALM2;NEFM
neuron_msp_early	neuron_pfc_mid	134	0.3651	SOX11;HNRNPH1;LMO3;MARCKS;PCDH17;SRSF6;LMO4;SET;CBX3;NDUFA13;GPM6A;KRT31;BCYRN1;NFIA;ENC1;SERF2;LLNLR-245B6.1;ATP5I;MIF;AC090498.1;UQCR11;TMA7;BEX5;PET100;USMG5;POMP;FTL;LIMCH1;NNAT;ELAVL2;SLIRP;CNOT7;TRIM36;TMSB15A;YWHAG;PFDN4;RBP1;SEC61G;PRMT2;COX6B1;ZEB2;NEDD8;CAPZA2;PHPT1;LSM7;CSRP2;MEG3;FTH1;RPS2;C4orf48;YBX1;PCSK1N;CKB;CCNI;COX5A;TUBB2A;NDFIP1;C1QBP;TTC3;HMGN1;TERF2IP;CLTA;LY6H;JUN;TSPAN13;TMEM160;MARCKSL1;ATP5D;GADD45GIP1;PODXL2;RAB2A;UQCRFS1;PTPRZ1;MAP1LC3A;KTN1;RAC3;MRPL41;RANBP1;PFN1;ITM2B;CALM1;SMARCB1;GUK1;PYURF;UBE2D1;SCD5;MTDH;METTL9;DYNC1I1;MAP1LC3B;SCAND1;UBE2D2;KLC1;SRSF2;FEZ1;RTN4;CRMP1;MEF2C;PAK2;BHLHE22;SYT1;NOVA1;RPRM;APP;ANK3;AP2B1;BASP1;H1FX;HSPA1A;MEIS2;POU3F2;DUSP1;CLMP;BTG1;IER2;GNG4;POU3F3;NTM;SRM;HES6;PPDPF;RBFOX3;SMS;BCL11A;SLN;VSTM2L;CTNNBL1;SNAP25;DAAM1;CALY;RCN2;STUB1;CALM2;GAP43
neuron_msp_early	neuron_msp_late	118	0.3215	SOX11;HNRNPH1;LMO3;MARCKS;PCDH17;PTPRS;PPP3CA;SET;NFIB;CBX3;NDUFA13;GPM6A;NFIA;ENC1;LLNLR-245B6.1;ATP5I;MIF;AC090498.1;UQCR11;TNRC6B;TMA7;BEX5;PET100;DCX;USMG5;LIMCH1;COMMD6;CAMK2N1;NNAT;SLIRP;SEC61G;TBCB;COX6B1;ZEB2;CAPZA2;LSM7;MEG3;C4orf48;CCNI;TTC3;PTPRZ1;KTN1;BCL7A;SCD5;AFF3;AAK1;NFIX;CCDC112;RTN4;MT-ND2;HSP90AA1;MEF2C;RBFOX1;PAK2;BHLHE22;HP1BP3;SYT1;SEPT11;YTHDC1;NOVA1;APP;CBX1;PCBP2;ARGLU1;ANK3;AP2B1;AKAP9;NUDT3;BASP1;RTF1;CTTNBP2;KIFAP3;DDX46;H1FX;HSPA1A;RHOB;MEIS2;FOS;SLA;POU3F2;CLMP;BTG1;POU3F3;SEMA3C;SAT1;NTM;SRM;HES6;ZNF704;MLLT3;TCF4;SETBP1;PLXNA2;MT-ND1;KLHL35;BAZ2B;TTC28;PPDPF;FOXG1;AFF4;PNISR;CCND2;ZNF608;GPC2;COL9A2;EZR;MEX3A;TRA2B;EPHA5;BCL11A;ARL4C;SLN;VSTM2L;UBE2S;CALM2;NEFM;GAP43;TSTD1
neuron_msp_early	neuron_v1_mid	84	0.2289	LMO4;WTAP;PABPC1;MIF;AC090498.1;UQCR11;SATB2;LIMCH1;LSM7;FTH1;RPL13;RPS2;CKB;CCNI;COX5A;HMGN1;CLTA;LY6H;JUN;GADD45GIP1;UQCRFS1;MRPL41;PFN1;ITM2B;SMARCB1;ARPP21;BCL7A;UBE2D1;SCAND1;AFF3;EIF3F;SRSF2;WASF1;FEZ1;NFIX;CCDC112;SMARCA4;MEF2C;PAK2;BHLHE22;HP1BP3;SEPT11;JMJD1C;YTHDC1;LINC01551;ARGLU1;ARPC2;SQLE;HSPA1A;HSPA1B;TSC22D1;JUND;DUSP1;BTG1;IER2;SAT1;NTM;KLF6;HES6;TCF4;PLXNA2;KLHL35;SDCBP;UBC;PPDPF;NR2F1;FOXG1;POU3F1;FAM57B;IER5;PNISR;CCND2;NKTR;EZR;EPHA5;H3F3B;GADD45G;BCL11A;INSM1;ARL4C;C19orf43;CSAD;NEFM;TSTD1
neuron_msp_early	neuron_pfc_late	61	0.1662	LMO3;PCDH17;LMO4;PABPC1;NFIA;MIF;MAP1B;BEX5;FTL;LIMCH1;PRDX2;NNAT;TBCB;SUB1;CSRP2;MEG3;FTH1;RPL13;RPS2;YBX1;PCSK1N;ZNF428;TUBB2A;YWHAQ;NDFIP1;LY6H;MARCKSL1;STMN2;MAP1LC3A;RAC3;PFN1;CALM1;GUK1;ARPP21;ARF5;MT-ND2;HSP90AA1;HP1BP3;RPRM;RHEB;CBX1;ARGLU1;ARPC2;RTF1;SQLE;UBE2E3;SARAF;MEIS2;SRM;KLF6;MT-ND1;PPDPF;MEX3A;C19orf43;SLN;VSTM2L;SNAP25;C12orf75;STUB1;CALM2;GAP43
neuron_msp_early	neuron_v1_early	58	0.158	SOX11;SAR1A;HNRNPH1;PPP1CB;SRSF6;PTPRS;PPP3CA;WTAP;INSR;SET;MARCH6;NFIB;NDUFA13;NFIA;PAFAH1B2;EIF4G2;AC090498.1;CDC42;RPP21;NNAT;ZNF462;PHPT1;GDI1;RPL13;CKB;GADD45GIP1;PTPRZ1;CALM1;MTDH;DYNC1I1;AFF3;EIF3F;WASF1;NFIX;C5orf24;SEPT11;AKT3;HSPA1A;HSPA1B;DUSP1;DDIT4;NTM;TCF4;MT-ND1;PTCHD2;SDCBP;NR2F1;FOXG1;MTRNR2L12;EZR;H3F3B;ARRDC3;BCL11A;INSM1;ARL4C;SNAP25;NEFM;TSTD1
neuron_msp_early	neuron_temporal_mid	56	0.1526	SOX11;HNRNPH1;CTNNB1;LMO3;BCL11B;NFIB;ATP5I;MIF;AC090498.1;PET100;CDC42;COMMD6;SLIRP;SEC61G;LSM7;SUB1;MEG3;FTH1;RPS2;TUBB2A;HNRNPA0;RAC3;SMARCB1;BCL7A;SCAND1;HMGB1;EIF3F;MT-ND2;MEF2C;SYT1;SERPINI1;FOS;DNAJB1;NTM;ZNF704;CADM1;CASC15;PLXNA2;SORBS2;ROBO2;SDCBP;TTC28;NR2F1;EPHA3;FAM57B;ZNF608;PHIP;EZR;TMEM158;ARRDC3;GADD45G;TCEAL7;TBCC;C12orf75;NEFM;TSTD1
neuron_msp_early	neuron_pfc_early	51	0.139	LMO3;NFIA;ENC1;SERF2;ATP5I;MIF;AC090498.1;TMA7;POMP;FTL;PRDX2;NNAT;TRIM36;TMSB15A;RBP1;SEC61G;COX6B1;LSM7;SUB1;CSRP2;FTH1;C4orf48;COX5A;TUBB2A;HMGN1;GADD45GIP1;RANBP1;PFN1;SCAND1;HMGB1;COX4I1;PA2G4;RPRM;RHEB;PSMA7;UBE2E3;RWDD1;H1FX;MEIS2;FOS;HSPB1;SRM;TMEM158;H3F3B;GADD45G;HSPE1;SLN;VSTM2L;SNAP25;UBE2S;RCN2
neuron_msp_early	neuron_temporal_late	48	0.1308	LMO3;MARCKS;PCDH17;LMO4;SET;GPM6A;ENC1;ATP5I;MIF;TNRC6B;DCX;USMG5;CAMK2N1;NNAT;SLIRP;YWHAG;SEC61G;MEG3;C4orf48;PTPRZ1;KTN1;CALM1;ARPP21;BCL7A;AAK1;CCDC112;RTN4;MT-ND2;MEF2C;BHLHE22;HP1BP3;SYT1;CBX1;ARGLU1;ANK3;AP2B1;AKAP9;BASP1;RTF1;AKT3;KIFAP3;ID4;CADM1;TCF4;MT-ND1;NR2F1;SNAP25;CALY
neuron_msp_early	neuron_msp_early_unique	39	0.1063	ENAH;LINC00643;TCEAL2;DUSP14;PLCB1;DPY19L1;PREX1;ST8SIA1;CUX2;WDFY3;UNC5A;CTD-2129N1.1;UPP1;TRNP1;GALNT13;SAMD12;ZNF182;TMEM191C;WNT7A;SNCG;MMP28;RQCD1;ZBTB48;ZFP28;TMEM191B;FBXO38;GPR37;KIFC3;LRRC16A;MINK1;SPIDR;ZNF264;PRPS2;UHRF2;RAP1GAP;NCOA5;MACROD2;TVP23B;CCNG2
neuron_msp_early	neuron_temporal_early	27	0.0736	LMO3;MAP1B;BEX5;USMG5;SATB2;TBCB;PHPT1;MEG3;RPS2;YBX1;PCSK1N;TUBB2A;LY6H;STMN2;RAC3;CALM1;ARPP21;SCD5;WASF1;MEF2C;RPRM;ATP2B1;NR2F1;DAAM1;CSAD;NEFM;GAP43
neuron_msp_early	neuron_v1_late	12	0.0327	SOX11;AC090498.1;NFIX;MEF2C;BHLHE22;HSPA1A;TSC22D1;TCF4;NR2F1;BCL11A;NEFM;TSTD1
neuron_msp_late	neuron_msp_late_all	523	1	RPS29;ATP5I;ATP5E;NDUFB1;RPS27;CALM2;USMG5;RPL41;AC090498.1;AP2B1;MT-ND3;ATP5J2;RPL38;NDUFA4;GAP43;YWHAE;UQCR11;RPS21;RPL36;MORF4L1;BEX5;RPS28;COX7A2;C14orf2;UQCRQ;SLIRP;RPL39;DYNC1I2;PEG10;UBL5;COX6C;POLR2L;TMA7;MYEOV2;BEX2;BEX1;COX7C;TCEB2;PET100;SLN;RPL36A;ATPIF1;UQCR10;SEC62;NDUFA3;MEF2C;NDUFB2;TMEM258;NDUFA1;ATOX1;OST4;NDUFC1;CELF4;PRPF4B;COX17;CFDP1;ROMO1;CD47;FABP3;TCEAL4;METAP2;SARS;EIF5B;FRG1;ST13;PFDN1;THOC7;LLNLR-245B6.1;DDX1;RPL17;RPS13;ZBTB18;FABP7;ID2;NME2;NEFL;CAPZA2;BCL11A;MT-ATP8;TMEM161B-AS1;TSTD1;NBEAL1;NEFM;ACTB;RPL7;RPL3;TBCB;PPDPF;NNAT;EXOC6;HMGN2;ENC1;FKBP1A;EIF3E;EEF1D;PIN1;GPX1;TMED2;MSMO1;AURKAIP1;VCAN;BASP1;MALAT1;HIST1H4C;RPL37A;MEIS2;RPL37;NFIX;GPM6A;SOX4;POU3F2;HSP90AA1;PALMD;DPYSL2;NFIA;MAP2;H1FX;CEP170;MT-ND4L;EEF1A1;CCNI;PKIA;LRRTM2;RPLP2;AC004158.3;SCG2;PBX1;TMSB10;HNRNPD;MT-ND1;CACNA2D1;MT-ND2;SFPQ;SEMA3C;CPE;RPL35A;FNBP1L;CCND2;PLPPR3;ANK3;NEUROD2;MAPT;AKAP9;KTN1;SRM;NFIB;GNAL;TTC3;MACF1;SOX5;SRRM2;NCL;RTN4;SYNE2;MAPK6;POU3F3;CHL1;PCDH17;RBFOX2;AMER2;SPAG9;AFF3;MT-ND6;MYEF2;NETO2;TTC37;KCNJ6;HNRNPU;BCLAF1;FZD3;PAFAH1B1;KIF2A;CBX1;PRKDC;ATF7IP;KDM1A;KIF21A;UQCRB;ELAVL4;TNIK;NCAM1;SET;NLRP1;HP1BP3;SYT1;RBFOX1;RBM39;SHTN1;BDP1;CBX3;KHDRBS1;TRIM2;LIMCH1;TMOD2;G3BP2;ELAVL3;BPTF;SCG3;ERC1;TOP2B;PAK2;DNM1L;YWHAZ;ITSN1;APC;CLMP;KIDINS220;KIFAP3;AUTS2;LUC7L3;GOLGB1;ATP8A2;BAZ1B;ARL8A;BCL7A;ZRANB2;PTPRZ1;HSP90B1;LMO3;SMC3;TAOK1;DDX17;CTCF;SPEN;KIF5C;PRKAR2B;PPP4R2;AAK1;XRCC5;EIF4B;NUCKS1;PHF14;OSBPL8;ZEB2;ZNF33A;GABPB1-AS1;HSPA1A;MEG3;CCDC112;HECTD1;CEBPZ;MAP6;DHX36;CNIH2;SH3GLB1;LINC00657;EIF3J;ZNF91;CAMSAP2;ARGLU1;RBM25;DEK;SOBP;SEPT11;R3HDM2;SCD5;RAD50;TCAF1;EIF2AK2;SF3B1;RPAP2;RPS26;KMT2A;KIAA1107;NSA2;VSTM2L;LZIC;FAM172A;KCNQ1OT1;SSTR2;ZNF770;ATRX;EPHA5;SPOCK1;MYCBP2;DDX46;FUS;SPTAN1;WHSC1L1;CCSER2;STRBP;CELF1;SLC38A1;PREPL;ZCCHC11;KAT6B;LARS;NUDT3;PTPRA;INA;SEPT3;TRA2B;EPM2AIP1;KMT2E;FYN;NRXN1;PPP1R9A;CFAP97;TTLL7;RSF1;RABEP1;UBE3A;KLHL23;UBE2K;XPR1;CHD4;EXOC5;STXBP1;CLCN3;HNRNPAB;GNAO1;NASP;CCP110;CBX5;PRPF40A;HNRNPA3;SH3BP5;KMT5B;MEX3A;CHD3;FRMD4B;EPC1;MAP4K4;PRRC2B;SNRNP27;ILF3;PLXNA4;MLLT3;KIF1B;PPFIA2;MZT2B;SCAPER;BTG1;SMARCA5;SYP;GNPTAB;ZKSCAN1;SUPT16H;COX20;CDC42EP3;GTF2I;PTPRD;RUFY2;B3GALT2;LINC01102;YTHDC1;MPHOSPH10;SEC63;EPRS;BAZ2B;RPL34;RPL26;RPS18;RPS19;RPL21;RPLP1;RPS15;RPS14;RPL32;RPL23A;RPS15A;RPL31;RPS17;RPL27A;RPS24;RPL24;RPL35;RPS23;RPL30;FAU;RPS25;RPL23;RPS12;RPL28;RPL27;RPS8;RPS20;RPS27A;RPL12;DOK5;SOX11;ETFB;RPS11;RPS16;UBA52;HNRNPH1;TOMM7;NDUFAF2;COMMD6;RPS10;SEC61G;MIF;COX6A1;RNF182;ZFAS1;PTPRS;COX6B1;NDUFB4;PTN;ATP5L;NDUFC2;C4orf48;NDUFA11;TNRC6B;NDUFA13;LSM7;CNN3;SNRPE;NHSL1;PPP3CA;COX8A;FAM13A;SNRPD2;BHLHE22;GPR22;ZBTB20;FJX1;PPP1R14B;PTMA;CUX1;MAP2K2;FMNL2;YPEL3;PLXNA2;HES6;RBMX;RALBP1;MXI1;CTXN1;MIAT;PRSS12;TCF4;CADM2;NTM;CAMK2N1;TRIM24;PTP4A2;NRIP1;SPIRE1;UBE2S;BRI3;MARCKS;ARL4C;FOS;PNRC1;FAM107B;PNISR;SAT1;EZR;RASL10A;SETBP1;PAK7;POLR2J3;SMARCC1;SON;ANKRD11;SRSF9;CTTNBP2;EIF1B;SRGAP3;SLA;MTF2;COL9A2;SF1;RBPJ;AFF4;LINC01122;CSNK1E;PCBP2;SEZ6L2;DCX;FRMD4A;JPH4;PCM1;UBTF;SNRPF;RSRC2;RBBP4;RHOBTB3;APP;FXR1;SHOC2;CDH11;UBE2H;GPC2;PNN;TDG;NSD1;KLHL35;MUM1;DDX24;GOLM1;MARK3;SYT11;PBRM1;TTC28;GSK3B;RTF1;WSB1;SMARCD3;ZNF608;DDX18;DACT1;FAM133B;ZNF704;TAF1D;SRRM1;DDX6;TRIM44;NOVA1;PPP2R2B;RHOB;TPR;TLE4;PRRC2C;FOXG1;ATP6V0A1;FUBP1;DAB1;NREP;PRPF38B;RERE;ODC1
neuron_msp_late	neuron_msp_late_shared	491	0.9388	
neuron_msp_late	neuron_msp_mid	295	0.5641	RPS29;ATP5I;ATP5E;NDUFB1;RPS27;CALM2;USMG5;RPL41;AC090498.1;AP2B1;MT-ND3;ATP5J2;RPL38;NDUFA4;UQCR11;RPS21;RPL36;RPS28;SLIRP;RPL39;DYNC1I2;PEG10;UBL5;COX6C;MYEOV2;BEX2;COX7C;PET100;SLN;RPL36A;ATPIF1;UQCR10;SEC62;NDUFA3;MEF2C;NDUFB2;TMEM258;NDUFA1;ATOX1;CELF4;PRPF4B;COX17;ROMO1;TCEAL4;METAP2;EIF5B;FRG1;ST13;RPL17;ZBTB18;ID2;NEFL;MT-ATP8;TMEM161B-AS1;NEFM;ACTB;TBCB;PPDPF;NNAT;EXOC6;ENC1;FKBP1A;GPX1;VCAN;BASP1;MALAT1;HIST1H4C;RPL37A;MEIS2;RPL37;NFIX;GPM6A;SOX4;POU3F2;HSP90AA1;PALMD;DPYSL2;NFIA;MAP2;CEP170;MT-ND4L;EEF1A1;CCNI;PKIA;LRRTM2;RPLP2;AC004158.3;SCG2;PBX1;HNRNPD;CACNA2D1;SFPQ;SEMA3C;CPE;RPL35A;FNBP1L;ANK3;NEUROD2;MAPT;KTN1;SRM;NFIB;GNAL;MACF1;SOX5;SRRM2;NCL;RTN4;SYNE2;MAPK6;POU3F3;CHL1;PCDH17;RBFOX2;SPAG9;AFF3;MT-ND6;MYEF2;NETO2;TTC37;KCNJ6;HNRNPU;FZD3;KIF2A;CBX1;PRKDC;ATF7IP;KDM1A;KIF21A;UQCRB;ELAVL4;TNIK;NCAM1;NLRP1;HP1BP3;SYT1;RBFOX1;RBM39;SHTN1;BDP1;CBX3;TRIM2;LIMCH1;ELAVL3;BPTF;SCG3;ERC1;TOP2B;PAK2;APC;CLMP;KIDINS220;KIFAP3;AUTS2;LUC7L3;ATP8A2;BCL7A;ZRANB2;PTPRZ1;HSP90B1;LMO3;DDX17;AAK1;EIF4B;PHF14;ZEB2;HSPA1A;MEG3;CEBPZ;LINC00657;EIF3J;ARGLU1;SOBP;R3HDM2;SCD5;RPAP2;RPS26;NSA2;VSTM2L;KCNQ1OT1;SSTR2;SPOCK1;MYCBP2;DDX46;FUS;SPTAN1;WHSC1L1;CELF1;PREPL;ZCCHC11;KAT6B;LARS;PTPRA;INA;TRA2B;KMT2E;NRXN1;CFAP97;KLHL23;HNRNPAB;CBX5;SH3BP5;CHD3;FRMD4B;ILF3;MLLT3;KIF1B;PPFIA2;MZT2B;BTG1;CDC42EP3;PTPRD;B3GALT2;LINC01102;YTHDC1;RPL34;RPL21;RPS15A;RPL31;RPL35;RPS23;RPL30;FAU;RPS25;RPL23;RPS12;RPL27;RPS8;RPS20;DOK5;SOX11;ETFB;TOMM7;NDUFAF2;RPS10;MIF;RNF182;ZFAS1;NDUFB4;PTN;C4orf48;TNRC6B;NDUFA13;FAM13A;BHLHE22;GPR22;CUX1;YPEL3;HES6;RBMX;MIAT;PRSS12;CADM2;NTM;TRIM24;NRIP1;SPIRE1;UBE2S;ARL4C;FOS;FAM107B;PNISR;SAT1;EZR;PAK7;SON;SRSF9;CTTNBP2;EIF1B;SLA;COL9A2;SEZ6L2;RBBP4;APP;FXR1;SHOC2;GPC2;PNN;TDG;KLHL35;MUM1;DDX24;RTF1;SMARCD3;ZNF608;DDX18;DACT1;TAF1D;SRRM1;NOVA1;RHOB;TLE4;PRRC2C;NREP;RERE
neuron_msp_late	neuron_pfc_mid	170	0.325	RPS29;ATP5I;ATP5E;NDUFB1;RPS27;CALM2;USMG5;RPL41;AC090498.1;AP2B1;MT-ND3;ATP5J2;RPL38;NDUFA4;GAP43;YWHAE;UQCR11;RPS21;RPL36;BEX5;RPS28;COX7A2;C14orf2;UQCRQ;SLIRP;RPL39;DYNC1I2;PEG10;UBL5;COX6C;POLR2L;TMA7;MYEOV2;BEX2;COX7C;TCEB2;PET100;SLN;RPL36A;ATPIF1;UQCR10;NDUFA3;MEF2C;TMEM258;NDUFA1;ATOX1;OST4;NDUFC1;CELF4;PRPF4B;COX17;FABP3;LLNLR-245B6.1;RPL17;ZBTB18;FABP7;CAPZA2;BCL11A;PPDPF;NNAT;ENC1;BASP1;HIST1H4C;RPL37A;MEIS2;RPL37;GPM6A;POU3F2;PALMD;DPYSL2;NFIA;MAP2;H1FX;MT-ND4L;CCNI;PKIA;AC004158.3;SCG2;PBX1;TMSB10;HNRNPD;CACNA2D1;CPE;ANK3;KTN1;SRM;GNAL;TTC3;SRRM2;RTN4;POU3F3;CHL1;PCDH17;AMER2;MYEF2;NETO2;KCNJ6;FZD3;KDM1A;UQCRB;ELAVL4;SET;NLRP1;SYT1;CBX3;KHDRBS1;LIMCH1;PAK2;YWHAZ;CLMP;ATP8A2;BAZ1B;ARL8A;PTPRZ1;LMO3;KIF5C;PRKAR2B;ZEB2;HSPA1A;MEG3;SH3GLB1;SCD5;VSTM2L;SPOCK1;WHSC1L1;CCSER2;PREPL;PTPRA;INA;FYN;RABEP1;HNRNPAB;SH3BP5;KIF1B;MZT2B;BTG1;COX20;LINC01102;RPL34;RPL21;RPS15;RPL23A;SOX11;HNRNPH1;TOMM7;RPS10;SEC61G;MIF;COX6B1;C4orf48;NDUFA11;NDUFA13;LSM7;BHLHE22;PPP1R14B;FMNL2;HES6;RBMX;NTM;TRIM24;MARCKS;RASL10A;SRSF9;EIF1B;SEZ6L2;RHOBTB3;APP;NOVA1;RERE;ODC1
neuron_msp_late	neuron_temporal_late	139	0.2658	RPS29;ATP5I;ATP5E;NDUFB1;USMG5;AP2B1;MT-ND3;RPL38;MORF4L1;C14orf2;UQCRQ;SLIRP;RPL39;DYNC1I2;PEG10;UBL5;COX6C;BEX2;BEX1;COX7C;ATPIF1;SEC62;NDUFA3;MEF2C;TMEM258;NDUFA1;CELF4;TCEAL4;NNAT;ENC1;VCAN;BASP1;MALAT1;HIST1H4C;RPL37A;RPL37;GPM6A;SOX4;DPYSL2;MAP2;CEP170;MT-ND4L;PKIA;AC004158.3;TMSB10;HNRNPD;MT-ND1;MT-ND2;SFPQ;CPE;FNBP1L;ANK3;MAPT;AKAP9;KTN1;SRRM2;NCL;RTN4;CHL1;PCDH17;RBFOX2;PAFAH1B1;KIF2A;CBX1;UQCRB;NCAM1;SET;NLRP1;HP1BP3;SYT1;SHTN1;TMOD2;G3BP2;ELAVL3;BPTF;SCG3;ERC1;DNM1L;YWHAZ;APC;KIDINS220;KIFAP3;LUC7L3;BCL7A;ZRANB2;PTPRZ1;HSP90B1;LMO3;KIF5C;PRKAR2B;AAK1;NUCKS1;OSBPL8;MEG3;CCDC112;LINC00657;EIF3J;ARGLU1;RBM25;DEK;SOBP;FAM172A;KCNQ1OT1;ATRX;MYCBP2;WHSC1L1;PREPL;PTPRA;INA;NRXN1;STXBP1;CLCN3;GNAO1;CBX5;KIF1B;SYP;PTPRD;SEC61G;MIF;PTN;C4orf48;TNRC6B;BHLHE22;TCF4;CAMK2N1;MARCKS;SON;ANKRD11;SRGAP3;DCX;JPH4;PCM1;SHOC2;DDX24;SYT11;RTF1;DDX18;PRRC2C;NREP
neuron_msp_late	neuron_temporal_mid	132	0.2524	RPS29;ATP5I;NDUFB1;RPS27;AC090498.1;MT-ND3;ATP5J2;RPL38;NDUFA4;YWHAE;RPS21;RPL36;MORF4L1;RPS28;SLIRP;RPL39;PEG10;UBL5;COX6C;BEX2;COX7C;TCEB2;PET100;RPL36A;UQCR10;SEC62;NDUFA3;MEF2C;TMEM258;NDUFA1;CELF4;ROMO1;TCEAL4;EIF5B;RPL17;RPS13;FABP7;ID2;NEFL;TMEM161B-AS1;TSTD1;NEFM;RPL3;EIF3E;VCAN;HIST1H4C;RPL37A;RPL37;SOX4;PALMD;MAP2;MT-ND4L;EEF1A1;RPLP2;AC004158.3;MT-ND2;RPL35A;NFIB;GNAL;SOX5;NCL;SYNE2;UQCRB;SYT1;RBM39;ERC1;LUC7L3;BCL7A;ZRANB2;LMO3;MEG3;CEBPZ;RPS26;KIAA1107;NSA2;KAT6B;NRXN1;PLXNA4;B3GALT2;RPL34;RPL21;RPLP1;RPS15;RPL32;RPS15A;RPL31;RPS17;RPS24;RPL24;RPL35;RPS23;RPL30;FAU;RPS25;RPL23;RPS12;RPL28;RPL27;RPS8;RPS27A;RPL12;DOK5;SOX11;ETFB;RPS11;UBA52;HNRNPH1;TOMM7;COMMD6;SEC61G;MIF;ZFAS1;NDUFB4;LSM7;CNN3;FAM13A;GPR22;PLXNA2;NTM;FOS;EZR;SON;FRMD4A;SHOC2;TDG;DDX24;TTC28;ZNF608;DDX18;ZNF704;TLE4;NREP
neuron_msp_late	neuron_msp_early	118	0.2256	ATP5I;CALM2;USMG5;AC090498.1;AP2B1;GAP43;UQCR11;BEX5;SLIRP;TMA7;PET100;SLN;MEF2C;LLNLR-245B6.1;CAPZA2;BCL11A;TSTD1;NEFM;TBCB;PPDPF;NNAT;ENC1;BASP1;MEIS2;NFIX;GPM6A;POU3F2;HSP90AA1;NFIA;H1FX;CCNI;MT-ND1;MT-ND2;SEMA3C;CCND2;ANK3;AKAP9;KTN1;SRM;NFIB;TTC3;RTN4;POU3F3;PCDH17;AFF3;CBX1;SET;HP1BP3;SYT1;RBFOX1;CBX3;LIMCH1;PAK2;CLMP;KIFAP3;BCL7A;PTPRZ1;LMO3;AAK1;ZEB2;HSPA1A;MEG3;CCDC112;ARGLU1;SEPT11;SCD5;VSTM2L;EPHA5;DDX46;NUDT3;TRA2B;MEX3A;MLLT3;BTG1;YTHDC1;BAZ2B;SOX11;HNRNPH1;COMMD6;SEC61G;MIF;PTPRS;COX6B1;C4orf48;TNRC6B;NDUFA13;LSM7;PPP3CA;BHLHE22;PLXNA2;HES6;TCF4;NTM;CAMK2N1;UBE2S;MARCKS;ARL4C;FOS;PNISR;SAT1;EZR;SETBP1;CTTNBP2;SLA;COL9A2;AFF4;PCBP2;DCX;APP;GPC2;KLHL35;TTC28;RTF1;ZNF608;ZNF704;NOVA1;RHOB;FOXG1
neuron_msp_late	neuron_v1_mid	117	0.2237	RPS27;RPL41;AC090498.1;MT-ND3;UQCR11;RPS21;RPL36;RPS28;RPL39;MYEOV2;MEF2C;TMEM258;RPL17;RPS13;ZBTB18;FABP7;ID2;NME2;NEFL;BCL11A;MT-ATP8;TMEM161B-AS1;TSTD1;NBEAL1;NEFM;RPL7;RPL3;PPDPF;MALAT1;HIST1H4C;RPL37;NFIX;SOX4;EEF1A1;CCNI;RPL35A;CCND2;NEUROD2;SYNE2;CHL1;AFF3;PRKDC;UQCRB;HP1BP3;KHDRBS1;LIMCH1;PAK2;ITSN1;LUC7L3;BCL7A;EIF4B;PHF14;OSBPL8;HSPA1A;CCDC112;ARGLU1;DEK;SOBP;SEPT11;RPS26;SSTR2;EPHA5;KLHL23;CHD3;FRMD4B;BTG1;PTPRD;YTHDC1;RPL34;RPS15;RPS14;RPS15A;RPS17;RPS24;RPS23;RPL30;FAU;RPL23;RPS12;RPL27;RPS8;RPS20;DOK5;ETFB;RPS11;TOMM7;RPS10;MIF;RNF182;PTN;NDUFC2;LSM7;BHLHE22;PTMA;CUX1;PLXNA2;HES6;PRSS12;TCF4;NTM;ARL4C;PNISR;SAT1;EZR;RASL10A;PAK7;POLR2J3;SON;LINC01122;JPH4;SNRPF;FXR1;KLHL35;DACT1;PPP2R2B;FOXG1;NREP
neuron_msp_late	neuron_v1_early	84	0.1606	RPL41;AC090498.1;RPL38;RPS21;RPL36;RPS28;RPL39;TCEB2;RPL36A;UQCR10;NDUFB2;ROMO1;RPL17;ZBTB18;ID2;BCL11A;TMEM161B-AS1;TSTD1;NBEAL1;NEFM;RPL7;RPL3;NNAT;EIF3E;PIN1;HIST1H4C;RPL37A;RPL37;NFIX;PALMD;NFIA;EEF1A1;MT-ND1;RPL35A;NEUROD2;NFIB;SOX5;AFF3;NCAM1;SET;PTPRZ1;HSPA1A;SOBP;SEPT11;SSTR2;CELF1;CHD3;RPL26;RPS18;RPS15;RPS14;RPL32;RPS15A;RPL31;RPS17;RPL24;RPL35;RPS23;RPL30;RPL23;RPS12;RPL28;RPL27;RPS8;RPS20;RPL12;DOK5;SOX11;RPS16;HNRNPH1;RPS10;ZFAS1;PTPRS;PTN;NDUFA13;PPP3CA;TCF4;NTM;ARL4C;EZR;PAK7;PPP2R2B;TLE4;FOXG1
neuron_msp_late	neuron_v1_late	65	0.1243	RPS29;RPS27;RPL41;AC090498.1;MT-ND3;RPL38;RPS21;RPL36;RPS28;RPL39;COX7C;RPL36A;MEF2C;RPL17;RPS13;ZBTB18;FABP7;NME2;BCL11A;TSTD1;NEFM;HIST1H4C;RPL37A;RPL37;NFIX;RPLP2;RPL35A;HSPA1A;RPS26;PTPRD;RPL34;RPL26;RPLP1;RPS15;RPL23A;RPS15A;RPL31;RPS17;RPL27A;RPL35;RPS23;RPL30;FAU;RPL23;RPS12;RPL28;RPL27;RPS8;RPS20;DOK5;SOX11;ETFB;RPS11;RPS16;UBA52;TOMM7;RPS10;ZFAS1;PTN;BHLHE22;PTMA;TCF4;PAK7;SON;NREP
neuron_msp_late	neuron_pfc_early	58	0.1109	ATP5I;AC090498.1;MT-ND3;ATP5J2;NDUFA4;RPS28;COX7A2;UQCRQ;RPL39;UBL5;POLR2L;TMA7;SLN;UQCR10;NDUFA3;NDUFB2;OST4;NDUFC1;COX17;THOC7;RPS13;ACTB;NNAT;HMGN2;ENC1;EEF1D;HIST1H4C;MEIS2;NFIA;H1FX;MT-ND4L;SRM;LMO3;RPS26;VSTM2L;HNRNPAB;MZT2B;RPL30;FAU;RPS27A;RPL12;SEC61G;MIF;COX6B1;NDUFB4;PTN;NDUFC2;C4orf48;NDUFA11;LSM7;SNRPE;COX8A;SNRPD2;PTMA;UBE2S;FOS;EIF1B;SNRPF
neuron_msp_late	neuron_pfc_late	50	0.0956	CALM2;GAP43;BEX5;SLN;FABP3;TBCB;PPDPF;NNAT;EXOC6;FKBP1A;PIN1;AURKAIP1;MEIS2;HSP90AA1;PALMD;NFIA;CEP170;EEF1A1;MT-ND1;MT-ND2;MAPT;SRM;GNAL;PCDH17;KCNJ6;PAFAH1B1;CBX1;ELAVL4;NCAM1;HP1BP3;BDP1;LIMCH1;ELAVL3;ATP8A2;LMO3;PHF14;GABPB1-AS1;MEG3;ZNF91;ARGLU1;VSTM2L;KCNQ1OT1;INA;KMT2E;NRXN1;MEX3A;FRMD4B;MIF;RTF1;PRRC2C
neuron_msp_late	neuron_temporal_early	48	0.0918	RPS29;ATP5E;USMG5;RPL38;GAP43;RPS21;RPL36;BEX5;ATPIF1;MEF2C;FABP7;NEFM;TBCB;RPL37A;DPYSL2;PKIA;AC004158.3;CACNA2D1;MAPT;CHL1;KIF2A;NCAM1;KIDINS220;LUC7L3;ZRANB2;LMO3;PRKAR2B;MEG3;SOBP;SCD5;KCNQ1OT1;MYCBP2;INA;PLXNA4;KIF1B;GNPTAB;RPL26;RPS18;RPLP1;RPL35;RPL27;DOK5;GPR22;CTXN1;SEZ6L2;DACT1;TLE4;DAB1
neuron_msp_late	neuron_msp_late_unique	32	0.0612	CFDP1;SARS;TAOK1;CTCF;SPEN;PPP4R2;CNIH2;CAMSAP2;RAD50;TCAF1;SF3B1;EPM2AIP1;PPP1R9A;UBE2K;CHD4;HNRNPA3;KMT5B;EPC1;SNRNP27;SCAPER;RUFY2;MPHOSPH10;SEC63;EPRS;RALBP1;SMARCC1;UBTF;CDH11;MARK3;FAM133B;TRIM44;ATP6V0A1
neuron_msp_mid	neuron_msp_mid_all	901	1	CSRP2;ENC1;SRM;MT-ND3;HSP90AA1;MEIS2;NFIA;NNAT;GPM6A;RPS10;LIMCH1;SOX4;SNAP25;RPL41;VSTM2L;LINC01102;VCAN;CLMP;GAPDH;ZEB2;BCYRN1;CPE;TSC22D1;AUTS2;RCAN1;LNX1;SAT1;CDH4;RHOB;POU3F2;NOVA1;CBX3;ARL4C;FZD3;RPL36A;JUN;MN1;RBMX;RBFOX1;CTTNBP2;MASP1;POU3F3;NETO2;PGAP1;SEMA3C;DUSP1;H2AFY2;NDUFA13;FOS;FBLN1;MDK;CMC2;PALMD;HSPA1A;EPHB6;MT-ATP6;MT-CO2;MT-ND5;ARPP21;CEP170;NPY;HNRNPU;BPTF;PCLO;SOX11;CHL1;SEPT7;KIDINS220;NCL;R3HDM1;MYT1L;SPIRE1;LHX2;ANK2;SRRM2;NEFM;NEFL;PPFIA2;NCAM1;KIF1B;SYNE2;NR2F1;FNBP1L;ROBO2;MTSS1;CDR1-AS;PTPRD;LINC00657;CACNA2D1;APC;ARHGAP21;ATXN7L3B;LHFP;EZR;DST;NBEA;MACF1;ARGLU1;INA;DYNC1H1;NKTR;JMJD1C;PTPRZ1;MT-ND4L;RPS29;RPL37;RPS27;RPL37A;RPS28;RPS21;RPL39;RPL38;RPL34;HIST1H4C;DYNC1I2;HIST1H1E;MT-ATP8;RPS26;AP2B1;PLCG2;MALAT1;NDUFB1;RPL36;MTRNR2L12;DPYSL2;RPL35A;AAK1;SHOC2;SHTN1;PRPF4B;CCSER1;NDUFA3;CUX1;PET100;RERE;PTPRA;PRSS12;SON;UNC5D;METAP2;WDR70;ATP5I;RPLP2;HP1BP3;ZCCHC11;TMOD1;LRRTM2;CEBPZ;MAPK6;VPS13C;SENP7;CWF19L2;PAXBP1;TTC37;FRMD4B;RNF145;COX7C;GABARAP;NMT1;RPS15A;CEP126;SEC62;DCTN4;MTRNR2L8;AGTPBP1;EPN2;BCL6;FAM107B;EIF3J;USMG5;C8orf33;SLIRP;BCL7A;C4orf48;CBX1;SMARCAD1;KTN1;CRNKL1;MOK;PKIA;MAP2;NTM;TXNDC16;NSUN6;TRIM36;SEZ6L2;R3HDM2;HIST1H1D;BRD9;C18orf32;PPP6R2;YTHDC1;DDX24;DDX18;TSTD2;SLC39A10;ATP5E;KLHL23;CEP85L;PRKDC;FXR1;LARS;ZRANB2;BHLHE22;ANO10;PREPL;AC004158.3;NFIX;SYT4;SYNRG;COX17;DDX21;TRIM24;C2orf49;MUM1;ZC3H8;MT-ND6;SMARCD1;RAI14;ROMO1;ILF3;RNF19A;ST13;AP2A2;KIFAP3;SPTAN1;TRA2B;RBBP4;NDUFA1;ZBTB18;UPF2;PUM3;EMX2;KIF2A;SPAG9;HERC2;TCF25;CBX5;TIMM44;FBXW11;GOLGA8A;ZNF711;LRRC7;CHD3;HNRNPAB;FAM13A;PAK2;EIF5B;TCEA1;RPL31;NMT2;UQCR11;LBR;TM9SF3;JAKMIP2;KDM1A;FRG1;SOBP;NRIP1;RASSF2;ATF7IP;SQLE;MYEF2;TDG;DIP2A;RTF1;AFF3;CFAP97;SCN3A;NARS;SYNE1;EIF2S2;ZNF608;PAK7;NSA2;ATP5J2;CCBE1;SRRM1;TNRC6B;NDUFAF2;SYT1;SATB2;GUCY1A2;GOLGA8B;MLLT4;HSP90B1;TOMM7;UBL5;SLC8A1;TLE4;MEF2C;GRIA2;FTL;MT-CO3;RPL8;CALM2;PEBP1;COX4I1;GPX4;GABARAPL2;EIF1B;TBCB;C9orf16;ADRA2A;NDUFB10;ALKBH7;SRI;ACAT2;HMGN3;GPX1;TMSB4X;NREP;CRYM;MEG3;SOX5;SORCS1;TMEM161B-AS1;RPS12;ID2;RPL30;NFIB;BCL11B;EEF1A1;PAPPA2;RPS8;RPL27;PCDH9;RPS23;TRPM3;ETV1;RPL21;PDE1A;LMO7;NRXN1;ZFAS1;SATB1;B3GALT2;BEX2;VRK1;SSBP2;SEMA3E;AC090498.1;KCTD12;RPL22;HMGB1;HMP19;RPL23;FAU;DMD;NDUFA4;SCG5;LUC7L3;TPT1;RPS25;MGLL;NUAK1;RPL4;UQCRB;RPS20;SSBP3;TCEAL4;RPL35;CTNND2;FEZF2;EPHB1;RIC3;RIMS2;GRIN2B;AC159540.1;GAS7;UQCRH;ANK3;CDKL2;CELF4;B3GAT1;NLGN1;C12orf57;NEGR1;GRM3;ARID4A;LINC00632;C14orf132;BNIP3L;AGAP1;FAM49A;PEG10;AKT3;LMO3;KAT6B;SDCCAG8;ZNF385D;PSMD1;NTRK2;UQCR10;ABRACL;SNHG8;GPR22;COX6C;CHD9;ANKRD12;RBM39;DSEL;EIF4B;SERPINI1;NCOA7;PBX1;PLEKHA5;CMSS1;SCG3;GNAL;VSNL1;KHDRBS3;PPIG;WBP4;PRRC2C;GTF2H5;ARHGEF12;ZNF883;N4BP2L2;RPL36AL;SCN2A;PDS5B;GABRB2;SSR2;ERC1;BACH2;MYEOV2;TIMM8B;TBR1;NDUFB4;TAF1D;CSRNP3;NIN;COMMD2;SSTR2;TSHZ3;FBXW7;RAP2A;TP53I11;WBP11;IFT22;SEZ6;PRKACB;ARL17B;RASAL2;MIAT;ANKS1B;HMGXB4;TMEM14A;KNOP1;TMEM106C;TMEM258;IGSF3;CNBP;TCEAL7;SPOP;CSTF3;NYAP2;FXYD6;SSB;NUMB;TXNIP;CFAP36;RFC1;STX7;DDX46;PNN;NCKAP5;CEP290;MAGI2;ZBTB38;BOD1L1;PPP1R11;KCNQ1OT1;TIMP2;KMT2C;OTUD6B-AS1;PPM1L;CNTN1;THY1;RPAP2;SREK1IP1;POGZ;SYT13;THUMPD3-AS1;SCN3B;TAF11;FAM204A;TUBB2A;XXbac-BPG252P9.9;RP11-386G11.10;ATP5O;NDP;PCDH17;BAD;MVD;RAB11B;LDB2;FADS2;KRT31;RABAC1;NEDD9;TSPYL4;NDUFB8;PSMA1;PPDPF;KIAA1456;EIF4A1;SNRPN;FAM213A;SLC38A2;CPNE8;MAPRE2;AKR1B1;ARHGAP33;RNH1;SERINC1;NDUFS7;EXOC6;FTO;CDK2AP1;PHKB;LINC00599;PRKCZ;NUBP2;CORO1C;KCNJ6;NOSIP;BPHL;PCSK1N;YBX1;MARCKSL1;RPS2;RTN4;FTH1;LY6H;HES6;ATP5D;TERF2IP;ZNF428;NPDC1;CKB;UBE2S;BASP1;C1QBP;BTG1;RASL11B;TMEFF2;PGLS;GLTSCR2;NEUROD6;CAMK2B;PRELID1;C19orf43;CENPV;NEUROD2;VIM;CCDC85B;ASCL1;RAC3;TTC9B;FGFBP3;DOK5;AP3S1;MIF;MAF1;TSPO;ETFB;HMGN1;NKAIN3;RANBP1;HEBP2;APLP1;ITM2B;CYC1;SMARCD3;CST3;MCUR1;SRGAP1;EIF3F;SRSF2;INHBA;WHSC1L1;SCAND1;METTL9;RCN2;NR4A2;NT5C3B;GADD45G;SNRNP70;MTCH1;SMARCA4;TSPAN13;TSPAN5;SRSF9;FSCN1;C19orf60;STUB1;CLTA;GADD45GIP1;AP1S2;SEPT5;TMX4;RALY;RRAGA;SERPINE2;MAP1LC3A;YPEL3;HNRNPD;RAP2B;MRPS34;THRA;SLBP;BOD1;NDN;TMEM59L;EIF4A3;FAM57B;ZFAND5;DTD1;FAAP20;IDH2;KLHDC2;CLTB;GAMT;AKIRIN2;GUK1;UQCRFS1;SLC22A17;GSTA4;ATP6V1G2;CTDNEP1;SNX3;PITHD1;GTF3A;ZNF821;NUDT14;TRAF4;PPM1G;MZT2B;MTDH;RNF24;GABPB1;TP53RK;PTN;GNB2;SERP2;BAG1;FKBP4;ARL5A;CAMK4;LSM4;SYBU;NLRP1;HMGA1;SPINT2;SNX7;NDFIP1;ADCY1;UROS;RAB4A;C7orf50;OLFM1;EI24;TSEN34;MRPS26;EFNB2;SYT5;PHF20L1;YPEL1;USP48;ARL2BP;GPC2;DACT1;ARL4A;DNER;TCEA2;PSPC1;SRSF4;KLC1;LPL;MAD2L2;CHMP4B;MPP6;CDH24;PTTG1;TBC1D1;PDCD7;ZNF112;KLHL35;SEMA7A;ICE2;SUDS3;PRDM10;DOHH;GZF1;ENDOG;RP5-827C21.6;CTD-2023N9.3;PCP4;GDA;BSCL2;UQCRHL;FABP6;CALY;FGF7;PEG3;COX16;NDUFB2;MAL2;CALB2;NOP10;ATPIF1;SRCIN1;ELAVL2;RP11-410L14.2;LINC00205;ATOX1;IGFBP2;EBF1;SERTAD4;RXRG;PENK;SKAP2;SYNPR;NPAS4;FOXP1;ID4;CNTNAP2;WDR7;CXCL14;FAM84A;RP11-161M6.2;MGAT4C;CCDC88C;HEY1;DLX5;SLITRK4;CLK4;ZCCHC12;CDH8;TSSC1;RND3;CSTF2T;RPRM;CBLN2;SLN;LMO4;CD24;RUNX1T1;RSPO3;MAP1B;TUBB2B;ACTG1;CCNI;TUBA1A;SLF1;PLK2;NELL2;MAPT;MLLT11;AKAP7;ELAVL4;TUBB;PCDH10;PPP1R14C;ATP8A2;STMN2;CTNNBL1;SCG2;NECAB1;ELMOD1;ACTB;CRMP1;ATAT1;FSTL5;MPPED1;HN1;RTN1;RTN3;NCOR1;STK32B;SARAF;DRAXIN;CFL1;FGF12;TOX3;ACTR3B;KLF6;HPCAL1;SPOCK1;LRRC4C;RFK;CCDC184;MAPK10;PIK3R1;SEPT6;NCOA1;PLPPR1;RALA;PGM2L1;TMEM35;CXXC4;HMGCS1;BDP1;COTL1;CLSTN1;GNAI1;UCHL1;TNIK;VGLL4;SCD5;HNRNPA2B1;ADGRL3;ATP6V0E2;NSG1;TSPAN14;ARL6IP5;GLRA2;EIF4G2;SH3BP5;SNN;NAP1L5;CELF1;RBFOX2;C20orf96;PGRMC1;RUNDC3B;SFPQ;PCDH11X;GRB2;STX1A;BLCAP;TRIM2;LSAMP;PTPRO;MAP4;MYCBP2;PPP3CB;PNISR;SMAP1;EIF5;APP;RAB3A;GDAP1L1;RP11-382A20.3;IDH1;PRNP;SPTBN1;EID1;CDC42EP3;DAAM1;CHN2;KIF3A;YWHAB;TUBB4B;MLLT3;GNG2;SRRM4;NKAIN2;ZC3H13;MB21D2;MAGEH1;TOP2B;RUFY3;FUS;VAMP2;KLF7;ARPC2;CADM3;DDX17;ELAVL3;PHF14;ZNF706;HSPA8;KMT2E;OPTN;CCT2;IDI1;ARL6IP1;SLA;KIF21A;INSIG1;PID1;SLC25A3;FKBP1A;MT-ND4;MT-CYB;RBP1;RPL17;RP11-437B10.1;EEF2;INSM1;RNF182;TLE1;KIAA1324;SDCBP;COL9A2;RP11-436D23.1;FOSB;CADM2
neuron_msp_mid	neuron_msp_mid_shared	770	0.8546	
neuron_msp_mid	neuron_msp_late	295	0.3274	ENC1;SRM;MT-ND3;HSP90AA1;MEIS2;NFIA;NNAT;GPM6A;RPS10;LIMCH1;SOX4;RPL41;VSTM2L;LINC01102;VCAN;CLMP;ZEB2;CPE;AUTS2;SAT1;RHOB;POU3F2;NOVA1;CBX3;ARL4C;FZD3;RPL36A;RBMX;RBFOX1;CTTNBP2;POU3F3;NETO2;SEMA3C;NDUFA13;FOS;PALMD;HSPA1A;CEP170;HNRNPU;BPTF;SOX11;CHL1;KIDINS220;NCL;SPIRE1;SRRM2;NEFM;NEFL;PPFIA2;NCAM1;KIF1B;SYNE2;FNBP1L;PTPRD;LINC00657;CACNA2D1;APC;EZR;MACF1;ARGLU1;INA;PTPRZ1;MT-ND4L;RPS29;RPL37;RPS27;RPL37A;RPS28;RPS21;RPL39;RPL38;RPL34;HIST1H4C;DYNC1I2;MT-ATP8;RPS26;AP2B1;MALAT1;NDUFB1;RPL36;DPYSL2;RPL35A;AAK1;SHOC2;SHTN1;PRPF4B;NDUFA3;CUX1;PET100;RERE;PTPRA;PRSS12;SON;METAP2;ATP5I;RPLP2;HP1BP3;ZCCHC11;LRRTM2;CEBPZ;MAPK6;TTC37;FRMD4B;COX7C;RPS15A;SEC62;FAM107B;EIF3J;USMG5;SLIRP;BCL7A;C4orf48;CBX1;KTN1;PKIA;MAP2;NTM;SEZ6L2;R3HDM2;YTHDC1;DDX24;DDX18;ATP5E;KLHL23;PRKDC;FXR1;LARS;ZRANB2;BHLHE22;PREPL;AC004158.3;NFIX;COX17;TRIM24;MUM1;MT-ND6;ROMO1;ILF3;ST13;KIFAP3;SPTAN1;TRA2B;RBBP4;NDUFA1;ZBTB18;KIF2A;SPAG9;CBX5;CHD3;HNRNPAB;FAM13A;PAK2;EIF5B;RPL31;UQCR11;KDM1A;FRG1;SOBP;NRIP1;ATF7IP;MYEF2;TDG;RTF1;AFF3;CFAP97;ZNF608;PAK7;NSA2;ATP5J2;SRRM1;TNRC6B;NDUFAF2;SYT1;HSP90B1;TOMM7;UBL5;TLE4;MEF2C;CALM2;EIF1B;TBCB;GPX1;NREP;MEG3;SOX5;TMEM161B-AS1;RPS12;ID2;RPL30;NFIB;EEF1A1;RPS8;RPL27;RPS23;RPL21;NRXN1;ZFAS1;B3GALT2;BEX2;AC090498.1;RPL23;FAU;NDUFA4;LUC7L3;RPS25;UQCRB;RPS20;TCEAL4;RPL35;ANK3;CELF4;PEG10;LMO3;KAT6B;UQCR10;GPR22;COX6C;RBM39;EIF4B;PBX1;SCG3;GNAL;PRRC2C;ERC1;MYEOV2;NDUFB4;TAF1D;SSTR2;MIAT;TMEM258;DDX46;PNN;KCNQ1OT1;RPAP2;PCDH17;PPDPF;EXOC6;KCNJ6;RTN4;HES6;UBE2S;BASP1;BTG1;NEUROD2;DOK5;MIF;ETFB;SMARCD3;WHSC1L1;SRSF9;YPEL3;HNRNPD;MZT2B;PTN;NLRP1;GPC2;DACT1;KLHL35;NDUFB2;ATPIF1;ATOX1;SLN;CCNI;MAPT;ELAVL4;ATP8A2;SCG2;ACTB;SPOCK1;BDP1;TNIK;SCD5;SH3BP5;CELF1;RBFOX2;SFPQ;TRIM2;MYCBP2;PNISR;APP;CDC42EP3;MLLT3;TOP2B;FUS;DDX17;ELAVL3;PHF14;KMT2E;SLA;KIF21A;FKBP1A;RPL17;RNF182;COL9A2;CADM2
neuron_msp_mid	neuron_pfc_mid	276	0.3063	CSRP2;ENC1;SRM;MT-ND3;MEIS2;NFIA;NNAT;GPM6A;RPS10;LIMCH1;SNAP25;RPL41;VSTM2L;LINC01102;CLMP;ZEB2;BCYRN1;CPE;RCAN1;LNX1;POU3F2;NOVA1;CBX3;FZD3;RPL36A;JUN;RBMX;POU3F3;NETO2;DUSP1;H2AFY2;NDUFA13;CMC2;PALMD;HSPA1A;SOX11;CHL1;SRRM2;KIF1B;CACNA2D1;DST;INA;PTPRZ1;MT-ND4L;RPS29;RPL37;RPS27;RPL37A;RPS28;RPS21;RPL39;RPL38;RPL34;HIST1H4C;DYNC1I2;AP2B1;NDUFB1;RPL36;DPYSL2;PRPF4B;NDUFA3;PET100;RERE;PTPRA;ATP5I;RNF145;COX7C;EPN2;USMG5;SLIRP;C4orf48;KTN1;PKIA;MAP2;NTM;TRIM36;SEZ6L2;ATP5E;BHLHE22;PREPL;AC004158.3;COX17;TRIM24;NDUFA1;ZBTB18;ZNF711;HNRNPAB;PAK2;UQCR11;KDM1A;MYEF2;SCN3A;EIF2S2;ATP5J2;SYT1;MLLT4;TOMM7;UBL5;MEF2C;FTL;CALM2;EIF1B;SRI;ACAT2;TMSB4X;MEG3;RPL21;BEX2;AC090498.1;HMP19;NDUFA4;UQCRB;ANK3;CELF4;PEG10;LMO3;UQCR10;COX6C;PBX1;GNAL;KHDRBS3;BACH2;MYEOV2;FBXW7;TMEM258;CNTN1;TUBB2A;PCDH17;MVD;LDB2;KRT31;NDUFB8;PPDPF;CPNE8;KCNJ6;PCSK1N;YBX1;MARCKSL1;RPS2;RTN4;FTH1;LY6H;HES6;ATP5D;TERF2IP;NPDC1;CKB;BASP1;C1QBP;BTG1;PGLS;GLTSCR2;PRELID1;CENPV;CCDC85B;RAC3;TTC9B;MIF;MAF1;HMGN1;RANBP1;APLP1;ITM2B;CYC1;CST3;MCUR1;SRSF2;WHSC1L1;SCAND1;METTL9;RCN2;NT5C3B;MTCH1;TSPAN13;TSPAN5;SRSF9;FSCN1;C19orf60;STUB1;CLTA;GADD45GIP1;AP1S2;RRAGA;MAP1LC3A;HNRNPD;MRPS34;THRA;SLBP;BOD1;NDN;TMEM59L;EIF4A3;FAAP20;KLHDC2;CLTB;GUK1;UQCRFS1;CTDNEP1;SNX3;PITHD1;GTF3A;ZNF821;TRAF4;PPM1G;MZT2B;MTDH;GABPB1;SERP2;BAG1;ARL5A;NLRP1;HMGA1;NDFIP1;UROS;RAB4A;OLFM1;PHF20L1;ARL2BP;TCEA2;PSPC1;SRSF4;KLC1;CHMP4B;SUDS3;CALY;NOP10;ATPIF1;ELAVL2;ATOX1;IGFBP2;RPRM;CBLN2;SLN;LMO4;RSPO3;CCNI;TUBA1A;SLF1;PLK2;AKAP7;ELAVL4;PCDH10;PPP1R14C;ATP8A2;CTNNBL1;SCG2;ELMOD1;CRMP1;MPPED1;NCOR1;DRAXIN;FGF12;TOX3;ACTR3B;HPCAL1;SPOCK1;LRRC4C;RFK;CXXC4;COTL1;GNAI1;UCHL1;SCD5;SH3BP5;PGRMC1;RUNDC3B;LSAMP;SMAP1;APP;SPTBN1;DAAM1;CHN2;ZNF706;ARL6IP1;RBP1;RPL17
neuron_msp_mid	neuron_temporal_mid	251	0.2786	MT-ND3;SOX4;VCAN;CDH4;RPL36A;MASP1;FOS;PALMD;MT-ATP6;MT-CO2;MT-ND5;NPY;SOX11;NCL;R3HDM1;LHX2;NEFM;NEFL;SYNE2;NR2F1;ROBO2;CDR1-AS;LHFP;EZR;DST;NBEA;MT-ND4L;RPS29;RPL37;RPS27;RPL37A;RPS28;RPS21;RPL39;RPL38;RPL34;HIST1H4C;RPS26;NDUFB1;RPL36;RPL35A;SHOC2;NDUFA3;PET100;SON;ATP5I;RPLP2;CEBPZ;COX7C;RPS15A;SEC62;MTRNR2L8;SLIRP;BCL7A;MAP2;NTM;DDX24;DDX18;CEP85L;ZRANB2;AC004158.3;SYT4;ROMO1;NDUFA1;FAM13A;EIF5B;RPL31;TDG;EIF2S2;ZNF608;NSA2;ATP5J2;SYT1;TOMM7;UBL5;TLE4;MEF2C;GRIA2;RPL8;TMSB4X;NREP;CRYM;MEG3;SOX5;SORCS1;TMEM161B-AS1;RPS12;ID2;RPL30;NFIB;BCL11B;EEF1A1;PAPPA2;RPS8;RPL27;PCDH9;RPS23;TRPM3;ETV1;RPL21;PDE1A;LMO7;NRXN1;ZFAS1;SATB1;B3GALT2;BEX2;VRK1;SSBP2;SEMA3E;AC090498.1;KCTD12;RPL22;HMGB1;HMP19;RPL23;FAU;DMD;NDUFA4;SCG5;LUC7L3;RPS25;MGLL;NUAK1;RPL4;UQCRB;SSBP3;TCEAL4;RPL35;CTNND2;FEZF2;EPHB1;RIC3;RIMS2;GRIN2B;AC159540.1;GAS7;CDKL2;CELF4;B3GAT1;NLGN1;C12orf57;NEGR1;GRM3;ARID4A;LINC00632;C14orf132;AGAP1;FAM49A;PEG10;LMO3;KAT6B;SDCCAG8;PSMD1;NTRK2;UQCR10;ABRACL;GPR22;COX6C;ANKRD12;RBM39;SERPINI1;NCOA7;PLEKHA5;CMSS1;GNAL;VSNL1;KHDRBS3;WBP4;GTF2H5;ARHGEF12;SCN2A;PDS5B;GABRB2;ERC1;TIMM8B;TBR1;NDUFB4;CSRNP3;NIN;COMMD2;TSHZ3;FBXW7;RAP2A;ARL17B;RASAL2;ANKS1B;TMEM14A;KNOP1;TMEM106C;TMEM258;CNBP;TCEAL7;SPOP;NYAP2;SSB;NUMB;TUBB2A;RP11-386G11.10;RAB11B;PSMA1;EIF4A1;SNRPN;RPS2;FTH1;RASL11B;TMEFF2;GLTSCR2;NEUROD6;CAMK2B;VIM;ASCL1;RAC3;TTC9B;DOK5;AP3S1;MIF;TSPO;ETFB;EIF3F;SCAND1;NR4A2;GADD45G;SNRNP70;FSCN1;SERPINE2;FAM57B;IDH2;AKIRIN2;GSTA4;CAMK4;SYBU;SPINT2;SNX7;EFNB2;ARL4A;DNER;LPL;FOXP1;RUNX1T1;ACTG1;PLK2;NELL2;PGRMC1;EID1;KLF7;HSPA8;MT-ND4;RPL17;EEF2;SDCBP
neuron_msp_mid	neuron_v1_mid	178	0.1976	MT-ND3;RPS10;LIMCH1;SOX4;RPL41;TSC22D1;SAT1;ARL4C;JUN;DUSP1;HSPA1A;ARPP21;NPY;CHL1;LHX2;NEFM;NEFL;SYNE2;NR2F1;PTPRD;EZR;ARGLU1;NKTR;JMJD1C;RPL37;RPS27;RPS28;RPS21;RPL39;RPL34;HIST1H4C;HIST1H1E;MT-ATP8;RPS26;MALAT1;RPL36;RPL35A;CUX1;PRSS12;SON;HP1BP3;TMOD1;FRMD4B;GABARAP;RPS15A;CEP126;BCL7A;CRNKL1;NTM;HIST1H1D;YTHDC1;KLHL23;PRKDC;FXR1;BHLHE22;NFIX;SYNRG;RNF19A;ZBTB18;CHD3;PAK2;UQCR11;SOBP;SQLE;AFF3;PAK7;SATB2;GUCY1A2;TOMM7;SLC8A1;MEF2C;GRIA2;MT-CO3;RPL8;C9orf16;NREP;TMEM161B-AS1;RPS12;ID2;RPL30;EEF1A1;RPS8;RPL27;PCDH9;RPS23;AC090498.1;RPL22;RPL23;FAU;LUC7L3;MGLL;RPL4;UQCRB;RPS20;EPHB1;FAM49A;SNHG8;EIF4B;MYEOV2;SSTR2;ANKS1B;TMEM258;NCKAP5;RABAC1;PPDPF;NDUFS7;RPS2;FTH1;LY6H;HES6;CKB;BTG1;PGLS;GLTSCR2;CAMK2B;C19orf43;NEUROD2;VIM;TTC9B;DOK5;MIF;ETFB;HMGN1;APLP1;ITM2B;EIF3F;SRSF2;SCAND1;GADD45G;SNRNP70;SMARCA4;C19orf60;CLTA;GADD45GIP1;RRAGA;MRPS34;THRA;FAM57B;AKIRIN2;UQCRFS1;GTF3A;PTN;SERP2;CAMK4;SYBU;SPINT2;SNX7;ADCY1;DACT1;LPL;MPP6;KLHL35;UQCRHL;FOXP1;LMO4;RUNX1T1;RSPO3;ACTG1;CCNI;PLK2;AKAP7;NCOR1;FGF12;KLF6;UCHL1;VGLL4;PCDH11X;PNISR;SPTBN1;SRRM4;ARPC2;PHF14;HSPA8;RPL17;EEF2;INSM1;RNF182;SDCBP
neuron_msp_mid	neuron_msp_early	165	0.1831	CSRP2;ENC1;SRM;HSP90AA1;MEIS2;NFIA;NNAT;GPM6A;LIMCH1;SNAP25;VSTM2L;CLMP;ZEB2;BCYRN1;TSC22D1;SAT1;RHOB;POU3F2;NOVA1;CBX3;ARL4C;JUN;MN1;RBFOX1;CTTNBP2;POU3F3;PGAP1;SEMA3C;DUSP1;NDUFA13;FOS;HSPA1A;EPHB6;ARPP21;SOX11;NEFM;NR2F1;ROBO2;ARHGAP21;EZR;ARGLU1;NKTR;JMJD1C;PTPRZ1;AP2B1;MTRNR2L12;AAK1;PET100;UNC5D;ATP5I;HP1BP3;USMG5;SLIRP;BCL7A;C4orf48;CBX1;KTN1;NTM;TRIM36;YTHDC1;BHLHE22;NFIX;KIFAP3;TRA2B;PAK2;UQCR11;SQLE;RTF1;AFF3;ZNF608;TNRC6B;SYT1;SATB2;MEF2C;FTL;CALM2;COX4I1;TBCB;MEG3;NFIB;BCL11B;AC090498.1;HMGB1;ANK3;AKT3;LMO3;SERPINI1;SEZ6;TCEAL7;DDX46;TUBB2A;PCDH17;KRT31;PPDPF;PCSK1N;YBX1;MARCKSL1;RPS2;RTN4;FTH1;LY6H;HES6;ATP5D;TERF2IP;ZNF428;CKB;UBE2S;BASP1;C1QBP;BTG1;C19orf43;RAC3;MIF;HMGN1;RANBP1;ITM2B;SRGAP1;EIF3F;SRSF2;SCAND1;METTL9;RCN2;GADD45G;SMARCA4;TSPAN13;STUB1;CLTA;GADD45GIP1;MAP1LC3A;FAM57B;GUK1;UQCRFS1;MTDH;NDFIP1;GPC2;KLC1;KLHL35;CALY;ELAVL2;SYNPR;ID4;RND3;RPRM;SLN;LMO4;MAP1B;CCNI;STMN2;CTNNBL1;CRMP1;SARAF;KLF6;SCD5;EIF4G2;PNISR;APP;DAAM1;MLLT3;ARPC2;SLA;RBP1;RP11-437B10.1;INSM1;SDCBP;COL9A2
neuron_msp_mid	neuron_temporal_late	145	0.1609	ENC1;MT-ND3;NNAT;GPM6A;SOX4;SNAP25;VCAN;CPE;MT-ND5;ARPP21;CEP170;BPTF;PCLO;CHL1;KIDINS220;NCL;R3HDM1;ANK2;SRRM2;NCAM1;KIF1B;NR2F1;FNBP1L;PTPRD;LINC00657;APC;DST;NBEA;ARGLU1;INA;PTPRZ1;MT-ND4L;RPS29;RPL37;RPL37A;RPL39;RPL38;HIST1H4C;DYNC1I2;AP2B1;MALAT1;NDUFB1;DPYSL2;AAK1;SHOC2;SHTN1;NDUFA3;PTPRA;SON;ATP5I;HP1BP3;COX7C;SEC62;AGTPBP1;EIF3J;USMG5;SLIRP;BCL7A;C4orf48;CBX1;KTN1;PKIA;MAP2;DDX24;DDX18;SLC39A10;ATP5E;ZRANB2;BHLHE22;PREPL;AC004158.3;KIFAP3;NDUFA1;KIF2A;CBX5;JAKMIP2;SOBP;RTF1;TNRC6B;SYT1;HSP90B1;UBL5;SLC8A1;MEF2C;GRIA2;NREP;MEG3;PCDH9;PDE1A;NRXN1;BEX2;HMP19;LUC7L3;UQCRB;TCEAL4;GRIN2B;ANK3;CELF4;NEGR1;PEG10;AKT3;LMO3;COX6C;SCG3;PRRC2C;GTF2H5;ARHGEF12;SCN2A;ERC1;TMEM258;SSB;ZBTB38;KCNQ1OT1;CNTN1;PCDH17;RTN4;BASP1;TMEFF2;MIF;WHSC1L1;HNRNPD;THRA;NDN;PTN;NLRP1;OLFM1;CALY;ATPIF1;ID4;CNTNAP2;LMO4;MAPT;RTN3;PIK3R1;TMEM35;CLSTN1;RBFOX2;PGRMC1;SFPQ;LSAMP;MYCBP2;SPTBN1;YWHAB;RUFY3;ELAVL3
neuron_msp_mid	neuron_msp_mid_unique	131	0.1454	FBLN1;ATXN7L3B;CCSER1;WDR70;VPS13C;SENP7;CWF19L2;PAXBP1;DCTN4;BCL6;SMARCAD1;MOK;TXNDC16;NSUN6;BRD9;C18orf32;PPP6R2;TSTD2;ANO10;C2orf49;ZC3H8;AP2A2;UPF2;PUM3;HERC2;TIMM44;FBXW11;GOLGA8A;TM9SF3;DIP2A;GOLGA8B;ZNF385D;DSEL;ZNF883;N4BP2L2;SSR2;WBP11;IFT22;HMGXB4;CSTF3;FXYD6;CFAP36;STX7;CEP290;MAGI2;BOD1L1;PPP1R11;TIMP2;KMT2C;OTUD6B-AS1;PPM1L;THY1;SYT13;THUMPD3-AS1;TAF11;FAM204A;NDP;FADS2;NEDD9;KIAA1456;SLC38A2;AKR1B1;ARHGAP33;FTO;LINC00599;PRKCZ;NUBP2;BPHL;HEBP2;SEPT5;TMX4;RAP2B;ZFAND5;NUDT14;SYT5;YPEL1;USP48;CDH24;ZNF112;SEMA7A;ICE2;PRDM10;DOHH;GZF1;ENDOG;RP5-827C21.6;CTD-2023N9.3;PCP4;GDA;BSCL2;FABP6;FGF7;CALB2;SRCIN1;RP11-410L14.2;LINC00205;EBF1;SERTAD4;RXRG;SKAP2;NPAS4;WDR7;RP11-161M6.2;CCDC88C;DLX5;SLITRK4;CLK4;ZCCHC12;CDH8;TSSC1;CSTF2T;STK32B;CCDC184;SEPT6;GLRA2;SNN;NAP1L5;C20orf96;GRB2;STX1A;BLCAP;PTPRO;MAP4;RP11-382A20.3;IDH1;PRNP;MB21D2;CADM3;OPTN;CCT2;KIAA1324
neuron_msp_mid	neuron_pfc_late	124	0.1376	CSRP2;SRM;HSP90AA1;MEIS2;NFIA;NNAT;LIMCH1;SNAP25;VSTM2L;CMC2;PALMD;ARPP21;CEP170;PCLO;MYT1L;NCAM1;ARGLU1;INA;HP1BP3;FRMD4B;CBX1;SYT4;SQLE;RTF1;FTL;CALM2;PEBP1;GPX4;GABARAPL2;TBCB;C9orf16;NDUFB10;SRI;ACAT2;HMGN3;MEG3;EEF1A1;NRXN1;HMP19;GRIN2B;LMO3;GNAL;PRRC2C;FBXW7;TMEM14A;KCNQ1OT1;TUBB2A;PCDH17;LDB2;PPDPF;FAM213A;EXOC6;KCNJ6;PCSK1N;YBX1;MARCKSL1;RPS2;FTH1;LY6H;ZNF428;C19orf43;RAC3;TTC9B;MIF;MTCH1;STUB1;MAP1LC3A;CLTB;GUK1;SNX3;NDFIP1;TCEA2;RPRM;CBLN2;SLN;LMO4;CD24;RUNX1T1;MAP1B;TUBB2B;TUBA1A;SLF1;PLK2;NELL2;MAPT;MLLT11;AKAP7;ELAVL4;TUBB;PPP1R14C;ATP8A2;STMN2;NECAB1;ATAT1;RTN1;SARAF;FGF12;ACTR3B;KLF6;RFK;NCOA1;RALA;PGM2L1;TMEM35;BDP1;COTL1;UCHL1;ADGRL3;NSG1;ARL6IP5;EIF5;GDAP1L1;YWHAB;ZC3H13;VAMP2;KLF7;ARPC2;ELAVL3;PHF14;ZNF706;KMT2E;ARL6IP1;FKBP1A;MT-CYB
neuron_msp_mid	neuron_v1_early	95	0.1054	NFIA;NNAT;RPS10;SNAP25;RPL41;ARL4C;RPL36A;DUSP1;NDUFA13;PALMD;HSPA1A;SOX11;NEFM;NCAM1;NR2F1;EZR;PTPRZ1;RPL37;RPL37A;RPS28;RPS21;RPL39;RPL38;HIST1H4C;RPL36;MTRNR2L12;RPL35A;RPS15A;NTM;NFIX;DDX21;ROMO1;ZBTB18;CHD3;RPL31;NMT2;SOBP;AFF3;PAK7;TLE4;CRYM;SOX5;TMEM161B-AS1;RPS12;ID2;RPL30;NFIB;EEF1A1;RPS8;RPL27;PCDH9;RPS23;ZFAS1;VRK1;SSBP2;AC090498.1;RPL23;SCG5;TPT1;RPL4;RPS20;SSBP3;RPL35;BNIP3L;FAM49A;AKT3;UQCR10;ABRACL;SNHG8;SSTR2;SNRPN;CKB;NEUROD2;DOK5;EIF3F;C19orf60;GADD45GIP1;ATP6V1G2;MTDH;PTN;ADCY1;UQCRHL;NDUFB2;RUNX1T1;PLK2;MLLT11;FGF12;EIF4G2;CELF1;RAB3A;HSPA8;RPL17;EEF2;INSM1;SDCBP
neuron_msp_mid	neuron_temporal_early	92	0.1021	ARPP21;PCLO;CHL1;KIDINS220;R3HDM1;ANK2;NEFM;NCAM1;KIF1B;NR2F1;CACNA2D1;LHFP;DST;NBEA;INA;RPS29;RPL37A;RPS21;RPL38;RPL36;DPYSL2;USMG5;PKIA;SEZ6L2;ATP5E;ZRANB2;AC004158.3;SYT4;KIF2A;SOBP;SATB2;TLE4;MEF2C;TBCB;MEG3;RPL27;PCDH9;SSBP2;HMP19;SCG5;LUC7L3;SSBP3;RPL35;CTNND2;RIC3;GRIN2B;FAM49A;LMO3;GPR22;KHDRBS3;BACH2;COMMD2;RAP2A;PRKACB;KCNQ1OT1;TUBB2A;SERINC1;PCSK1N;YBX1;RPS2;LY6H;RASL11B;CAMK2B;VIM;RAC3;TTC9B;DOK5;AP3S1;TSPO;THRA;TMEM59L;SYBU;SPINT2;ADCY1;DACT1;DNER;ATPIF1;RPRM;RUNX1T1;MAP1B;SLF1;NELL2;MAPT;STMN2;MPPED1;RTN1;COTL1;UCHL1;SCD5;MYCBP2;SPTBN1;DAAM1
neuron_msp_mid	neuron_pfc_early	85	0.0943	CSRP2;ENC1;SRM;MT-ND3;MEIS2;NFIA;NNAT;SNAP25;VSTM2L;GAPDH;H2AFY2;FOS;MDK;MT-CO2;MT-ND5;MYT1L;MT-ND4L;RPS28;RPL39;HIST1H4C;RPS26;NDUFA3;ATP5I;C4orf48;TRIM36;SYT4;COX17;HNRNPAB;ATP5J2;UBL5;FTL;RPL8;COX4I1;GPX4;GABARAPL2;EIF1B;SRI;HMGN3;RPL30;AC090498.1;HMGB1;FAU;NDUFA4;C12orf57;LMO3;UQCR10;RPL36AL;NDUFB4;CNBP;TUBB2A;ATP5O;FTH1;UBE2S;PGLS;CENPV;VIM;MIF;HMGN1;NKAIN3;RANBP1;SCAND1;RCN2;GADD45G;GADD45GIP1;MRPS34;SNX3;MZT2B;PTN;BAG1;LSM4;NDUFB2;NOP10;RPRM;SLN;SLF1;PLK2;MLLT11;ACTB;EID1;ZNF706;ARL6IP1;SLC25A3;MT-ND4;MT-CYB;RBP1
neuron_msp_mid	neuron_v1_late	54	0.0599	MT-ND3;RPS10;RPL41;TSC22D1;RPL36A;HSPA1A;NPY;SOX11;NEFM;NR2F1;PTPRD;RPS29;RPL37;RPS27;RPL37A;RPS28;RPS21;RPL39;RPL38;RPL34;HIST1H4C;RPS26;RPL36;RPL35A;SON;RPLP2;COX7C;RPS15A;BHLHE22;NFIX;ZBTB18;RPL31;PAK7;TOMM7;MEF2C;NREP;RPS12;RPL30;RPS8;RPL27;PCDH9;RPS23;ZFAS1;AC090498.1;RPL22;RPL23;FAU;RPS20;RPL35;DOK5;ETFB;PTN;RUNX1T1;RPL17
neuron_pfc_early	neuron_pfc_early_all	369	1	GAPDH;MT-CO2;RPL8;FTH1;RPL6;RPS7;RPL11;MT-CYB;STK17A;PRDX1;H2AFZ;PTMA;RPL5;RPL7A;SRP14;HINT1;ACTB;RPS3A;FABP5;NEUROG1;H3F3B;RPS13;GSTP1;SERF2;MT-ND3;UBB;NACA;RAN;FTL;ERH;PRDX2;KIAA0101;H1FX;SUB1;MT-CO1;RPL30;MDK;RPL12;ATP6V1G1;MYL6;RPS28;RPL39;EOMES;HMGB1;GNG5;BTF3;LDHB;TYMS;DUT;RPS4Y1;ATP5G2;TPI1;RBP1;EEF1D;BTG3;NDUFA4;CSRP2;PSMA7;NDUFB11;DBI;COX5A;FAU;SKP1;SEC61B;RPS27A;PPP1R17;SUMO2;HNRNPDL;GINS2;PTN;HMGB2;UBE2E3;RPS26;COX4I1;MT-ND4;RNASEH2B;HSBP1;CHCHD2;LSM7;H2AFV;NDUFA6;SF3B6;CENPV;SNRPD1;ATP5O;PCNA;GADD45G;ATP5J;SNRPG;NDUFC2;NPM1;TMA7;C14orf166;ENY2;ANAPC11;EXOSC8;ECI1;SRP9;HIST1H4C;PAX6;ATP5C1;COX7A2;HSPE1;RPA3;SAP18;HMGN2;ATP6V0E1;ATP5G3;RPL36AL;KRT10;POMP;LSM3;PSMB1;SIVA1;MRPL23;CNBP;SUMO1;SLC25A5;PSMB2;PSMB6;SLC25A3;SRI;THYN1;NDUFA12;NUDT1;NDUFAB1;HIGD2A;SEC61G;NKAIN3;HMGN3;COX6B1;EID1;PRDX3;NHP2;GABARAPL2;PDCD5;PTGES3;FAM96B;B2M;SOD1;SSBP1;ARPC3;UBE2T;VDAC2;C8orf59;GTF2A2;EIF3K;FUNDC2;RBM8A;SEC11A;TMEM98;PARK7;PPIB;COA3;HMGN1;RCN2;NEUROG2;GTF3C6;SCAND1;SNRPE;CLIC1;MT-ND5;ALYREF;CDO1;VIM;TMEM158;ATP5G1;DECR1;RNASEH2C;TBCA;RPS27L;RBX1;ATP5I;HNRNPAB;RANBP1;UBL5;PFDN2;SHFM1;COX8A;LSM2;MRPS6;SNRPD3;C12orf57;RNASEH2A;GCSH;LDHA;TALDO1;SPCS2;C19orf53;GPX4;NNAT;MZT2B;RHOA;MAGOHB;CSNK2B;SNRPD2;MAGOH;UBE2I;UBE2V2;WDR83OS;UQCRQ;UQCR10;GADD45GIP1;TRMT112;RPL22L1;TMSB15A;DAD1;UQCC2;NDUFA3;MRPL51;PPA1;NDUFB2;RWDD1;CCDC167;NDUFV2;PSMB5;NDUFS6;LSM4;SPCS1;NOP10;POLR2J;HSPB11;DCXR;NDUFB4;BRIX1;FDPS;NAA38;ACP1;NENF;RPAIN;SELK;SH3BGRL;NFIA;NDUFB9;OST4;SNRPF;RPL26L1;VBP1;AKR7A2;LSM6;CSTB;PSMD8;OSTC;ATP5F1;DNAJC15;PSMA3;POLR2K;MRPL13;ATRAID;SNRPB2;PRDX4;HSPB1;RHEB;FIS1;HAUS1;CLNS1A;NUDT5;SFRP1;NDUFS8;ZNF22;IGFBPL1;PSMA4;NDUFAF3;MCM7;CACYBP;DLL3;ATP5J2;AP2S1;MRPL14;COA4;COX17;C11orf31;PNKD;GGH;H2AFY;LAPTM4B;POLR2F;UBE2S;ZNF706;BAG1;PGLS;ACTL6A;PDCD6;RNF7;SRM;PFN1;DDT;EEF1E1;TXNL4A;COMMD1;ZC3H15;TOMM22;PFN2;COX7B;OAZ1;PA2G4;SNX3;MRPL52;NUDCD2;NAP1L1;METTL5;LSM5;ITGAE;PSMB3;HMGB3;POLR2L;GSTO1;SSR3;MIEN1;PSMD14;ANP32B;C4orf48;RPA2;C4orf27;POLR2H;TMEM14C;NDUFB5;MRPL40;SNRPA1;GTF2B;COA1;MRPL12;MRPS34;C11orf73;NELFE;NDUFC1;CAMTA1;TMEM230;THOC7;ESD;H2AFY2;ARL4D;NSMCE4A;RBBP7;EMC4;SAP30;BNIP3;NDUFA11;TXNDC17;TPRKB;ANAPC16;MED30;SCP2;MRPL18;C4orf3;UFC1;UFD1L;SLN;MIF;AC090498.1;RPRM;TUBB2A;MLLT11;SLF1;MT-ND4L;ARL6IP1;MEIS2;ENC1;EIF1B;VSTM2L;LMO3;TXN;SYT4;TRIM36;MYT1L;ARPC5;FOS;SNAP25;PLK2
neuron_pfc_early	neuron_pfc_early_shared	301	0.8157	
neuron_pfc_early	neuron_pfc_mid	87	0.2358	FTH1;SERF2;MT-ND3;UBB;FTL;H1FX;RPS28;RPL39;DUT;RBP1;NDUFA4;CSRP2;DBI;COX5A;HSBP1;LSM7;CENPV;ATP5J;TMA7;HIST1H4C;COX7A2;KRT10;POMP;SRI;SEC61G;COX6B1;NHP2;COA3;HMGN1;RCN2;NEUROG2;SCAND1;ATP5G1;TBCA;ATP5I;HNRNPAB;RANBP1;UBL5;SHFM1;GCSH;NNAT;MZT2B;UQCRQ;UQCR10;GADD45GIP1;TMSB15A;NDUFA3;CCDC167;NOP10;FDPS;NFIA;OST4;DNAJC15;ATP5J2;AP2S1;COX17;ZNF706;BAG1;PGLS;SRM;PFN1;COX7B;SNX3;POLR2L;PSMD14;C4orf48;MRPS34;NDUFC1;H2AFY2;NDUFA11;SLN;MIF;AC090498.1;RPRM;TUBB2A;SLF1;MT-ND4L;ARL6IP1;MEIS2;ENC1;EIF1B;VSTM2L;LMO3;TXN;TRIM36;SNAP25;PLK2
neuron_pfc_early	neuron_msp_mid	85	0.2304	GAPDH;MT-CO2;RPL8;FTH1;MT-CYB;ACTB;MT-ND3;FTL;RPL30;MDK;RPS28;RPL39;HMGB1;RBP1;NDUFA4;CSRP2;FAU;PTN;RPS26;COX4I1;MT-ND4;CENPV;ATP5O;GADD45G;HIST1H4C;RPL36AL;CNBP;SLC25A3;SRI;NKAIN3;HMGN3;EID1;GABARAPL2;HMGN1;RCN2;SCAND1;MT-ND5;VIM;ATP5I;HNRNPAB;RANBP1;UBL5;C12orf57;GPX4;NNAT;MZT2B;UQCR10;GADD45GIP1;NDUFA3;NDUFB2;LSM4;NOP10;NDUFB4;NFIA;ATP5J2;COX17;UBE2S;ZNF706;BAG1;PGLS;SRM;SNX3;C4orf48;MRPS34;H2AFY2;SLN;MIF;AC090498.1;RPRM;TUBB2A;MLLT11;SLF1;MT-ND4L;ARL6IP1;MEIS2;ENC1;EIF1B;VSTM2L;LMO3;SYT4;TRIM36;MYT1L;FOS;SNAP25;PLK2
neuron_pfc_early	neuron_pfc_early_unique	68	0.1843	NEUROG1;LDHB;NDUFA6;SNRPD1;ENY2;SAP18;PSMB1;PSMB2;THYN1;PRDX3;SSBP1;ARPC3;UBE2T;GTF2A2;EIF3K;FUNDC2;RBM8A;PPIB;GTF3C6;ALYREF;SNRPD3;RNASEH2A;MAGOHB;TRMT112;UQCC2;POLR2J;HSPB11;BRIX1;ACP1;RPL26L1;VBP1;LSM6;POLR2K;MRPL13;HAUS1;NUDT5;NDUFS8;IGFBPL1;PSMA4;DLL3;MRPL14;COA4;PNKD;ACTL6A;RNF7;EEF1E1;TXNL4A;COMMD1;MRPL52;NUDCD2;METTL5;ITGAE;PSMB3;HMGB3;GSTO1;MIEN1;RPA2;C4orf27;POLR2H;TMEM14C;NDUFB5;MRPL40;SNRPA1;COA1;C11orf73;TMEM230;C4orf3;UFD1L
neuron_pfc_early	neuron_msp_late	58	0.1572	PTMA;ACTB;RPS13;MT-ND3;H1FX;RPL30;RPL12;RPS28;RPL39;EEF1D;NDUFA4;FAU;RPS27A;PTN;RPS26;LSM7;NDUFC2;TMA7;HIST1H4C;COX7A2;HMGN2;SEC61G;COX6B1;SNRPE;ATP5I;HNRNPAB;UBL5;COX8A;NNAT;MZT2B;SNRPD2;UQCRQ;UQCR10;NDUFA3;NDUFB2;NDUFB4;NFIA;OST4;SNRPF;ATP5J2;COX17;UBE2S;SRM;POLR2L;C4orf48;NDUFC1;THOC7;NDUFA11;SLN;MIF;AC090498.1;MT-ND4L;MEIS2;ENC1;EIF1B;VSTM2L;LMO3;FOS
neuron_pfc_early	neuron_temporal_mid	55	0.1491	MT-CO2;RPL8;FTH1;RPS7;RPL11;PRDX1;RPL7A;FABP5;RPS13;MT-ND3;SUB1;MT-CO1;RPL30;RPL12;RPS28;RPL39;HMGB1;NDUFA4;FAU;SKP1;RPS27A;RPS26;MT-ND4;LSM7;GADD45G;HIST1H4C;CNBP;SEC61G;EID1;SCAND1;MT-ND5;VIM;TMEM158;ATP5I;UBL5;MRPS6;C12orf57;UQCR10;NDUFA3;SPCS1;NDUFB4;NAA38;RPAIN;ATP5J2;OAZ1;ARL4D;ANAPC16;MIF;AC090498.1;TUBB2A;MT-ND4L;LMO3;SYT4;FOS;PLK2
neuron_pfc_early	neuron_msp_early	51	0.1382	FTH1;H3F3B;SERF2;FTL;PRDX2;H1FX;SUB1;HMGB1;RBP1;CSRP2;PSMA7;COX5A;UBE2E3;COX4I1;LSM7;GADD45G;TMA7;HSPE1;POMP;SEC61G;COX6B1;HMGN1;RCN2;SCAND1;TMEM158;ATP5I;RANBP1;NNAT;GADD45GIP1;TMSB15A;RWDD1;NFIA;HSPB1;RHEB;UBE2S;SRM;PFN1;PA2G4;C4orf48;SLN;MIF;AC090498.1;RPRM;TUBB2A;MEIS2;ENC1;VSTM2L;LMO3;TRIM36;FOS;SNAP25
neuron_pfc_early	neuron_pfc_late	50	0.1355	FTH1;MT-CYB;UBB;RAN;FTL;PRDX2;SUB1;DUT;TPI1;CSRP2;SKP1;UBE2E3;SRP9;SUMO1;PSMB6;SRI;HMGN3;GABARAPL2;PARK7;COA3;GCSH;GPX4;NNAT;UBE2V2;NDUFV2;PSMB5;FDPS;NFIA;RHEB;AP2S1;ZNF706;SRM;PFN1;SNX3;UFC1;SLN;MIF;RPRM;TUBB2A;MLLT11;SLF1;ARL6IP1;MEIS2;VSTM2L;LMO3;SYT4;MYT1L;ARPC5;SNAP25;PLK2
neuron_pfc_early	neuron_v1_mid	38	0.103	RPL8;FTH1;RPL11;PTMA;H3F3B;RPS13;MT-ND3;RPL30;RPS28;RPL39;GNG5;NDUFB11;COX5A;FAU;SEC61B;HNRNPDL;PTN;RPS26;LSM7;GADD45G;NDUFC2;NPM1;HIST1H4C;HMGN1;SCAND1;VIM;SHFM1;GADD45GIP1;NDUFS6;SNRPF;C11orf31;PGLS;PFN1;DDT;MRPS34;MIF;AC090498.1;PLK2
neuron_pfc_early	neuron_v1_early	27	0.0732	RPS7;RPL11;RPL5;RPL7A;FABP5;H3F3B;NACA;RPL30;RPL12;MYL6;RPS28;RPL39;PTN;SRP9;HIST1H4C;COA3;NNAT;UQCR10;GADD45GIP1;NDUFB2;NFIA;ARL4D;ANAPC16;AC090498.1;MLLT11;SNAP25;PLK2
neuron_pfc_early	neuron_temporal_late	20	0.0542	MT-ND3;RPL39;PTN;HIST1H4C;SEC61G;MT-ND5;TBCA;ATP5I;UBL5;NNAT;UQCRQ;NDUFA3;COX7B;C4orf48;CAMTA1;MIF;MT-ND4L;ENC1;LMO3;SNAP25
neuron_pfc_early	neuron_v1_late	11	0.0298	PTMA;RPS13;MT-ND3;RPL30;RPS28;RPL39;FAU;PTN;RPS26;HIST1H4C;AC090498.1
neuron_pfc_early	neuron_temporal_early	7	0.019	VIM;RPRM;TUBB2A;SLF1;LMO3;TXN;SYT4
neuron_pfc_late	neuron_pfc_late_all	235	1	CALM1;MIF;RPL13;MT-ND2;EEF1A1;MT-ND1;TUBB2A;TUBB2B;STMN2;LMO4;MEIS2;VSTM2L;ARGLU1;ZNF428;RPRM;PHF14;RTF1;RTN1;TUBA1A;CCDC144A;ARPP21;MT-CYB;SLF1;PPDPF;LMO3;PABPC1;YWHAB;PLK2;CD24;MAPT;FRMD4B;CBLN2;HSP90AA1;SARAF;MAP1B;SLN;HMP19;WDR60;KLF6;RALA;EIF5;CMAS;HP1BP3;ZNF91;ELAVL3;HIST3H2A;RHEB;KLF7;ELAVL4;MAGEF1;YWHAQ;KCNJ6;FAM127A;TOP1;GNAL;VAMP2;MEG3;FAM213A;FGF14;MED19;RUNX1T1;CRIP2;TBCB;MEX3A;ARPC2;SRPK2;PAFAH1B1;NCOA1;LDB2;TMEM35;KCNQ1OT1;NCAM1;PGM2L1;SQLE;GABPB1-AS1;FXYD7;PCLO;NDUFB10;SYT4;INA;KMT2E;GRIN2B;ZC3H13;C9orf16;MYT1L;NECAB1;NELL2;PALMD;ATP8A2;CEP170;ADGRL3;BDP1;PRRC2C;CBX1;SNAP25;NRXN1;CSRP2;STMN1;MLLT11;FTH1;RPS2;GAP43;EXOC6;UBB;CALM2;MARCKSL1;FTL;DYNLL1;YBX1;PEBP1;NNAT;RAC3;YWHAH;TUBB;PCSK1N;UCHL1;SKP1;SRM;GUK1;PRDX2;ARPC5;STMN4;FKBP1A;FKBP1B;DCTN3;LIMCH1;PARK7;PSMB5;NFIA;MYL12B;PCDH17;AKAP7;TTC9B;COX7A2L;AK1;GABARAPL2;AP2M1;SUMO1;SRI;ATP6V0B;ARL6IP1;FBXW7;DNAJB6;DSTN;TPI1;GPX4;ARL2;VPS29;POLE4;CCDC124;ZNF706;SCOC;DUT;UBE2E3;PIN1;AP1S1;STUB1;FDPS;TAF9;MTCH1;TMEM14A;HMGN3;C19orf43;ARF5;BIN1;NDUFA5;SRP9;CLTB;ACAT2;SEPW1;COPE;RP11-356J5.12;CUTA;UFC1;QDPR;MAP1LC3A;RAN;LY6H;BEX4;NSG1;SUB1;UBE2V2;PFN1;ATAT1;SH3GL3;BEX5;COA3;TCEA2;C12orf75;FGF12;COPS8;CCDC90B;DCTPP1;RFK;PPP1R14C;SH3BGRL3;NDFIP1;GDAP1L1;GNG3;CNRIP1;AP2S1;FABP3;AURKAIP1;COMTD1;GHITM;MMD;ACTR3B;DUSP23;PRMT1;C3orf14;WRB;SUMO3;CMC2;RAB11A;ARL6IP5;PSMB6;GCSH;EBPL;ANKRD46;STRA13;SNX3;PSMD7;NDUFV2;VDAC3;SNCA;TPGS1;GGCT;CHCHD6;ZNF667-AS1;MTX2;RNF187;HAGH;COTL1;SSU72;RALYL
neuron_pfc_late	neuron_pfc_late_shared	208	0.8851	
neuron_pfc_late	neuron_msp_mid	124	0.5277	MIF;EEF1A1;TUBB2A;TUBB2B;STMN2;LMO4;MEIS2;VSTM2L;ARGLU1;ZNF428;RPRM;PHF14;RTF1;RTN1;TUBA1A;ARPP21;MT-CYB;SLF1;PPDPF;LMO3;YWHAB;PLK2;CD24;MAPT;FRMD4B;CBLN2;HSP90AA1;SARAF;MAP1B;SLN;HMP19;KLF6;RALA;EIF5;HP1BP3;ELAVL3;KLF7;ELAVL4;KCNJ6;GNAL;VAMP2;MEG3;FAM213A;RUNX1T1;TBCB;ARPC2;NCOA1;LDB2;TMEM35;KCNQ1OT1;NCAM1;PGM2L1;SQLE;PCLO;NDUFB10;SYT4;INA;KMT2E;GRIN2B;ZC3H13;C9orf16;MYT1L;NECAB1;NELL2;PALMD;ATP8A2;CEP170;ADGRL3;BDP1;PRRC2C;CBX1;SNAP25;NRXN1;CSRP2;MLLT11;FTH1;RPS2;EXOC6;CALM2;MARCKSL1;FTL;YBX1;PEBP1;NNAT;RAC3;TUBB;PCSK1N;UCHL1;SRM;GUK1;FKBP1A;LIMCH1;NFIA;PCDH17;AKAP7;TTC9B;GABARAPL2;SRI;ARL6IP1;FBXW7;GPX4;ZNF706;STUB1;MTCH1;TMEM14A;HMGN3;C19orf43;CLTB;ACAT2;MAP1LC3A;LY6H;NSG1;ATAT1;TCEA2;FGF12;RFK;PPP1R14C;NDFIP1;GDAP1L1;ACTR3B;CMC2;ARL6IP5;SNX3;COTL1
neuron_pfc_late	neuron_pfc_mid	82	0.3489	CALM1;MIF;TUBB2A;LMO4;MEIS2;VSTM2L;RPRM;TUBA1A;SLF1;PPDPF;LMO3;PLK2;CBLN2;SLN;HMP19;ELAVL4;KCNJ6;GNAL;MEG3;CRIP2;LDB2;INA;PALMD;ATP8A2;SNAP25;CSRP2;FTH1;RPS2;GAP43;UBB;CALM2;MARCKSL1;FTL;DYNLL1;YBX1;NNAT;RAC3;YWHAH;PCSK1N;UCHL1;SRM;GUK1;LIMCH1;NFIA;PCDH17;AKAP7;TTC9B;AK1;SRI;ARL6IP1;FBXW7;DSTN;CCDC124;ZNF706;DUT;AP1S1;STUB1;FDPS;MTCH1;CLTB;ACAT2;MAP1LC3A;LY6H;PFN1;SH3GL3;BEX5;COA3;TCEA2;FGF12;RFK;PPP1R14C;NDFIP1;AP2S1;FABP3;MMD;ACTR3B;CMC2;GCSH;EBPL;SNX3;COTL1;SSU72
neuron_pfc_late	neuron_msp_early	61	0.2596	CALM1;MIF;RPL13;MT-ND2;MT-ND1;TUBB2A;STMN2;LMO4;MEIS2;VSTM2L;ARGLU1;ZNF428;RPRM;RTF1;ARPP21;PPDPF;LMO3;PABPC1;HSP90AA1;SARAF;MAP1B;SLN;KLF6;HP1BP3;RHEB;YWHAQ;MEG3;TBCB;MEX3A;ARPC2;SQLE;CBX1;SNAP25;CSRP2;FTH1;RPS2;GAP43;CALM2;MARCKSL1;FTL;YBX1;NNAT;RAC3;PCSK1N;SRM;GUK1;PRDX2;LIMCH1;NFIA;PCDH17;UBE2E3;STUB1;C19orf43;ARF5;MAP1LC3A;LY6H;SUB1;PFN1;BEX5;C12orf75;NDFIP1
neuron_pfc_late	neuron_pfc_early	50	0.2128	MIF;TUBB2A;MEIS2;VSTM2L;RPRM;MT-CYB;SLF1;LMO3;PLK2;SLN;RHEB;SYT4;MYT1L;SNAP25;CSRP2;MLLT11;FTH1;UBB;FTL;NNAT;SKP1;SRM;PRDX2;ARPC5;PARK7;PSMB5;NFIA;GABARAPL2;SUMO1;SRI;ARL6IP1;TPI1;GPX4;ZNF706;DUT;UBE2E3;FDPS;HMGN3;SRP9;UFC1;RAN;SUB1;UBE2V2;PFN1;COA3;AP2S1;PSMB6;GCSH;SNX3;NDUFV2
neuron_pfc_late	neuron_msp_late	50	0.2128	MIF;MT-ND2;EEF1A1;MT-ND1;MEIS2;VSTM2L;ARGLU1;PHF14;RTF1;PPDPF;LMO3;MAPT;FRMD4B;HSP90AA1;SLN;HP1BP3;ZNF91;ELAVL3;ELAVL4;KCNJ6;GNAL;MEG3;TBCB;MEX3A;PAFAH1B1;KCNQ1OT1;NCAM1;GABPB1-AS1;INA;KMT2E;PALMD;ATP8A2;CEP170;BDP1;PRRC2C;CBX1;NRXN1;GAP43;EXOC6;CALM2;NNAT;SRM;FKBP1A;LIMCH1;NFIA;PCDH17;PIN1;BEX5;FABP3;AURKAIP1
neuron_pfc_late	neuron_temporal_early	40	0.1702	CALM1;TUBB2A;STMN2;RPRM;RTN1;ARPP21;SLF1;LMO3;MAPT;MAP1B;HMP19;MEG3;RUNX1T1;TBCB;KCNQ1OT1;NCAM1;PCLO;SYT4;INA;GRIN2B;NELL2;RPS2;GAP43;YBX1;RAC3;PCSK1N;UCHL1;STMN4;FKBP1B;TTC9B;ATP6V0B;DSTN;POLE4;RP11-356J5.12;LY6H;BEX5;CNRIP1;SNCA;COTL1;RALYL
neuron_pfc_late	neuron_temporal_mid	32	0.1362	MIF;MT-ND2;EEF1A1;TUBB2A;LMO3;PLK2;HMP19;KLF7;GNAL;MEG3;RUNX1T1;SYT4;GRIN2B;NELL2;PALMD;NRXN1;FTH1;RPS2;DYNLL1;RAC3;SKP1;TTC9B;COX7A2L;FBXW7;DNAJB6;DSTN;SCOC;TMEM14A;BEX4;SUB1;C12orf75;SNCA
neuron_pfc_late	neuron_temporal_late	31	0.1319	CALM1;MIF;MT-ND2;MT-ND1;LMO4;ARGLU1;RTF1;ARPP21;LMO3;YWHAB;MAPT;HMP19;HP1BP3;ELAVL3;MEG3;PAFAH1B1;TMEM35;KCNQ1OT1;NCAM1;PCLO;INA;GRIN2B;CEP170;PRRC2C;CBX1;SNAP25;NRXN1;NNAT;YWHAH;PCDH17;SCOC
neuron_pfc_late	neuron_v1_mid	30	0.1277	MIF;RPL13;EEF1A1;LMO4;ARGLU1;PHF14;ARPP21;PPDPF;PABPC1;PLK2;FRMD4B;KLF6;HP1BP3;TOP1;RUNX1T1;ARPC2;SQLE;FXYD7;C9orf16;FTH1;RPS2;UCHL1;STMN4;LIMCH1;AKAP7;TTC9B;C19orf43;LY6H;PFN1;FGF12
neuron_pfc_late	neuron_pfc_late_unique	27	0.1149	CCDC144A;FAM127A;FGF14;MYL12B;AP2M1;ARL2;VPS29;TAF9;BIN1;COPE;CUTA;COPS8;CCDC90B;COMTD1;GHITM;DUSP23;C3orf14;RAB11A;ANKRD46;STRA13;PSMD7;VDAC3;TPGS1;GGCT;CHCHD6;ZNF667-AS1;HAGH
neuron_pfc_late	neuron_v1_early	21	0.0894	CALM1;RPL13;EEF1A1;MT-ND1;PLK2;RUNX1T1;CRIP2;NCAM1;PALMD;SNAP25;MLLT11;DYNLL1;NNAT;NFIA;PIN1;AP1S1;SRP9;COA3;FGF12;GNG3;WRB
neuron_pfc_late	neuron_v1_late	1	0.0043	RUNX1T1
neuron_pfc_mid	neuron_pfc_mid_all	451	1	PCSK1N;YBX1;C4orf48;MARCKSL1;ATP5D;TMEM160;CENPV;FTH1;RPL41;TTC9B;TERF2IP;C1QBP;PODXL2;TMSB10;HES6;KRT10;RPL36A;GLTSCR2;CLTB;YWHAH;LY6H;RPS2;PRELID1;NPDC1;RAC3;SLN;METTL9;CYC1;GADD45GIP1;MTCH1;VSTM2L;HNRNPAB;BAG1;NDFIP1;RTN4;HBG2;C17orf89;C20orf24;HBA2;RCN2;MAP1LC3A;RERE;EBPL;HPCAL1;PPM1G;RANBP1;HMGN1;PKIA;MAF1;TSPAN5;OLFM1;CCNI;NDUFA13;GTF3A;TSPAN13;NNAT;CCDC85B;COX5A;MRPL41;STUB1;CBLN2;RSPO3;RPS21;RPS15;ARL5A;SERP2;COX7A2;RPS10;SLBP;UQCRFS1;CTNNBL1;NT5C3B;APLP1;LAGE3;RNF145;MZT2A;GCSH;SRSF2;AP1S2;MZT2B;KLHDC2;KLC1;C19orf60;MRPS34;SH3BP5;RPL36;ATP5E;RBP1;RPRM;PITHD1;GABPB1;TPM1;SRSF9;USMG5;DUT;GUK1;ZNF711;ZNF821;CACNA2D1;SRM;RPS28;CKB;MTDH;COX5B;THRA;PHF20L1;PGLS;TCEB2;PSIP1;CST3;SH3GL3;BTG1;SNHG7;ELMOD1;UQCR11;TTC3;COX6C;ATP5J2;SMARCB1;PNMA1;FEZ1;NOVA1;MAP1LC3B;MCUR1;SMAP1;C1orf122;CLTA;PPP1R1B;ITM2B;DUSP4;RFK;DRAXIN;RAB4A;PGRMC1;BASP1;COX7C;RBM17;PFN1;FSCN1;KCNJ6;SLC25A11;CCSER2;ATOX1;RRAGA;TRIM36;JUN;PYURF;LSM7;CBX3;RABEP1;H2AFY2;CRMP1;PCDH10;WHSC1L1;COX6B1;PAK2;TMEM59L;MEIS2;FAAP20;KTN1;COX7B;KRAS;CLMP;RAD23B;ARPC5L;APP;UBE2D1;NDUFA11;RAB2A;RNF10;UBE2D2;SLIRP;MMD;UQCRQ;DYNC1I1;MYEF2;PCDH17;TCEA2;SNAP25;SUDS3;CSRP2;LRRC61;NCOR1;SMS;SSNA1;SNX3;CCDC50;UBL5;REEP1;TOMM7;ARL2BP;EPN2;RNF11;TMEM258;POU3F3;SLF1;MYEOV2;POLR2L;FHL1;MINOS1;SCAND1;SH3GLB1;ACTR3B;HTATSF1;SEZ6L2;RHOBTB3;UROS;IGFBP5;SLC4A7;HNRNPD;SRSF4;RAC1;PTMS;LMO3;NFIA;COTL1;MEG3;LDB2;PTOV1;NEUROG2;ZEB2;LMO4;SPOCK1;DUSP1;FBXW7;PPP1R14C;GNAL;CPE;CPNE8;PRKAR2B;KIF5C;MARCKS;CXXC4;RCAN1;GNG4;PRSS23;CCDC167;SCG2;SSU72;NDN;PPP1R14B;AC004158.3;IER2;FGF12;NLRP1;SET;DBI;ATP8A2;ANK3;PHPT1;RNF175;KRT31;UBE2R2;PSPC1;OLFM2;NETO2;ODC1;CMC2;GAREM1;KIF1B;DEAF1;IGFBP2;HMGA1;LSAMP;ATP5G1;BOD1;DAAM1;ELAVL4;SPTBN1;EIF4A3;AMER2;BAZ1B;JAK1;KHDRBS1;KDM1A;CHL1;INA;CHN2;FZD3;GRM7;PTPRA;ARL8A;FARP1;NDUFB3;ATP1B1;TUSC3;PSD3;LAMTOR4;FAM155A;SESTD1;DST;FYN;MRAS;RNASEK;CTDNEP1;NOP10;OST4;KIF3B;PLEKHO1;TRAF4;CHMP4B;SRRM2;ELAVL2;RUNDC3B;SMCHD1;MAP4K5;DNAJC15;RBFOX3;C14orf37;CADM4;MLLT4;PDE4D;PALMD;EIF2AK1;FMNL2;AES;SCD5;COX17;CNTN1;LNX1;NAV3;TRIM24;AKAP7;GRINA;BACH2;ACYP1;DPF1;TMSB4X;GAP43;DPYSL2;ATP5I;FTL;TMA7;BEX5;AP2B1;MIF;SERF2;UBB;NEDD8;UQCR10;TMSB15A;DYNLL1;YWHAE;NDUFA4;YWHAZ;CELF4;PEG10;POMP;PET100;MAP2;BCYRN1;SOX11;PBX1;AK1;TXN;ACAT2;NDUFB1;ARL6IP1;ATP5J;HSBP1;LLNLR-245B6.1;YWHAG;NHP2;PCBP1;NDUFB8;AC090498.1;GNAQ;MVD;ATPIF1;HMP19;TBCA;NDUFA1;NDUFA3;NDUFC1;ZNF706;AP2S1;LIMCH1;COA3;PRMT2;POU3F2;LAMTOR2;CNOT7;SHFM1;FDPS;COX20;PRPF4B;CCDC124;SRI;CDK5R1;HNRNPH1;SRSF6;AP1S1;H1FX;PREPL;CRIP2;RPS29;RPS27;RPL39;RPL38;MT-ND4L;RPL37A;MT-ND3;MEF2C;RPL21;RPL34;RPL23A;FABP7;RPL37;RPL17;CALM2;HIST1H4C;ZBTB18;GPM6A;RASL10A;UQCRB;PTPRZ1;C14orf2;PFDN4;DSTN;SEC61G;BHLHE22;PPDPF;BCL11A;BEX2;RBMX;CAPZA2;TUBB2A;SNHG25;VSTM2B;TUBA1A;ENC1;DYNC1I2;EIF1B;CAMK2N2;CALM1;EIF2S2;LINC01102;NTM;LRRC4C;MPPED1;PSMD14;KHDRBS3;PLK2;SCN3A;TOX3;CALY;UCHL1;GNAI1;FABP3;SYT1;HSPA1A
neuron_pfc_mid	neuron_pfc_mid_shared	424	0.9401	
neuron_pfc_mid	neuron_msp_mid	276	0.612	PCSK1N;YBX1;C4orf48;MARCKSL1;ATP5D;CENPV;FTH1;RPL41;TTC9B;TERF2IP;C1QBP;HES6;RPL36A;GLTSCR2;CLTB;LY6H;RPS2;PRELID1;NPDC1;RAC3;SLN;METTL9;CYC1;GADD45GIP1;MTCH1;VSTM2L;HNRNPAB;BAG1;NDFIP1;RTN4;RCN2;MAP1LC3A;RERE;HPCAL1;PPM1G;RANBP1;HMGN1;PKIA;MAF1;TSPAN5;OLFM1;CCNI;NDUFA13;GTF3A;TSPAN13;NNAT;CCDC85B;STUB1;CBLN2;RSPO3;RPS21;ARL5A;SERP2;RPS10;SLBP;UQCRFS1;CTNNBL1;NT5C3B;APLP1;RNF145;SRSF2;AP1S2;MZT2B;KLHDC2;KLC1;C19orf60;MRPS34;SH3BP5;RPL36;ATP5E;RBP1;RPRM;PITHD1;GABPB1;SRSF9;USMG5;GUK1;ZNF711;ZNF821;CACNA2D1;SRM;RPS28;CKB;MTDH;THRA;PHF20L1;PGLS;CST3;BTG1;ELMOD1;UQCR11;COX6C;ATP5J2;NOVA1;MCUR1;SMAP1;CLTA;ITM2B;RFK;DRAXIN;RAB4A;PGRMC1;BASP1;COX7C;FSCN1;KCNJ6;ATOX1;RRAGA;TRIM36;JUN;CBX3;H2AFY2;CRMP1;PCDH10;WHSC1L1;PAK2;TMEM59L;MEIS2;FAAP20;KTN1;CLMP;APP;SLIRP;MYEF2;PCDH17;TCEA2;SNAP25;SUDS3;CSRP2;NCOR1;SNX3;UBL5;TOMM7;ARL2BP;EPN2;TMEM258;POU3F3;SLF1;MYEOV2;SCAND1;ACTR3B;SEZ6L2;UROS;HNRNPD;SRSF4;LMO3;NFIA;COTL1;MEG3;LDB2;ZEB2;LMO4;SPOCK1;DUSP1;FBXW7;PPP1R14C;GNAL;CPE;CPNE8;CXXC4;RCAN1;SCG2;NDN;AC004158.3;FGF12;NLRP1;ATP8A2;ANK3;KRT31;PSPC1;NETO2;CMC2;KIF1B;IGFBP2;HMGA1;LSAMP;BOD1;DAAM1;ELAVL4;SPTBN1;EIF4A3;KDM1A;CHL1;INA;CHN2;FZD3;PTPRA;DST;CTDNEP1;NOP10;TRAF4;CHMP4B;SRRM2;ELAVL2;RUNDC3B;MLLT4;PALMD;SCD5;COX17;CNTN1;LNX1;TRIM24;AKAP7;BACH2;TMSB4X;DPYSL2;ATP5I;FTL;AP2B1;MIF;UQCR10;NDUFA4;CELF4;PEG10;PET100;MAP2;BCYRN1;SOX11;PBX1;ACAT2;NDUFB1;ARL6IP1;NDUFB8;AC090498.1;MVD;ATPIF1;HMP19;NDUFA1;NDUFA3;ZNF706;LIMCH1;POU3F2;PRPF4B;SRI;PREPL;RPS29;RPS27;RPL39;RPL38;MT-ND4L;RPL37A;MT-ND3;MEF2C;RPL21;RPL34;RPL37;RPL17;CALM2;HIST1H4C;ZBTB18;GPM6A;UQCRB;PTPRZ1;BHLHE22;PPDPF;BEX2;RBMX;TUBB2A;TUBA1A;ENC1;DYNC1I2;EIF1B;EIF2S2;LINC01102;NTM;LRRC4C;MPPED1;KHDRBS3;PLK2;SCN3A;TOX3;CALY;UCHL1;GNAI1;SYT1;HSPA1A
neuron_pfc_mid	neuron_msp_late	170	0.3769	C4orf48;RPL41;TMSB10;HES6;RPL36A;SLN;VSTM2L;HNRNPAB;RTN4;RERE;PKIA;CCNI;NDUFA13;NNAT;RPS21;RPS15;COX7A2;RPS10;MZT2B;SH3BP5;RPL36;ATP5E;SRSF9;USMG5;CACNA2D1;SRM;RPS28;TCEB2;BTG1;UQCR11;TTC3;COX6C;ATP5J2;NOVA1;BASP1;COX7C;KCNJ6;CCSER2;ATOX1;LSM7;CBX3;RABEP1;WHSC1L1;COX6B1;PAK2;MEIS2;KTN1;CLMP;APP;NDUFA11;SLIRP;UQCRQ;MYEF2;PCDH17;UBL5;TOMM7;TMEM258;POU3F3;MYEOV2;POLR2L;SH3GLB1;SEZ6L2;RHOBTB3;HNRNPD;LMO3;NFIA;MEG3;ZEB2;SPOCK1;GNAL;CPE;PRKAR2B;KIF5C;MARCKS;SCG2;PPP1R14B;AC004158.3;NLRP1;SET;ATP8A2;ANK3;NETO2;ODC1;KIF1B;ELAVL4;AMER2;BAZ1B;KHDRBS1;KDM1A;CHL1;INA;FZD3;PTPRA;ARL8A;FYN;OST4;SRRM2;PALMD;FMNL2;SCD5;COX17;TRIM24;GAP43;DPYSL2;ATP5I;TMA7;BEX5;AP2B1;MIF;UQCR10;YWHAE;NDUFA4;YWHAZ;CELF4;PEG10;PET100;MAP2;SOX11;PBX1;NDUFB1;LLNLR-245B6.1;AC090498.1;ATPIF1;NDUFA1;NDUFA3;NDUFC1;LIMCH1;POU3F2;COX20;PRPF4B;HNRNPH1;H1FX;PREPL;RPS29;RPS27;RPL39;RPL38;MT-ND4L;RPL37A;MT-ND3;MEF2C;RPL21;RPL34;RPL23A;FABP7;RPL37;RPL17;CALM2;HIST1H4C;ZBTB18;GPM6A;RASL10A;UQCRB;PTPRZ1;C14orf2;SEC61G;BHLHE22;PPDPF;BCL11A;BEX2;RBMX;CAPZA2;ENC1;DYNC1I2;EIF1B;LINC01102;NTM;FABP3;SYT1;HSPA1A
neuron_pfc_mid	neuron_msp_early	134	0.2971	PCSK1N;YBX1;C4orf48;MARCKSL1;ATP5D;TMEM160;FTH1;TERF2IP;C1QBP;PODXL2;HES6;LY6H;RPS2;RAC3;SLN;METTL9;GADD45GIP1;VSTM2L;NDFIP1;RTN4;RCN2;MAP1LC3A;RANBP1;HMGN1;CCNI;NDUFA13;TSPAN13;NNAT;COX5A;MRPL41;STUB1;UQCRFS1;CTNNBL1;SRSF2;KLC1;RBP1;RPRM;USMG5;GUK1;SRM;CKB;MTDH;BTG1;UQCR11;TTC3;SMARCB1;FEZ1;NOVA1;MAP1LC3B;CLTA;ITM2B;BASP1;PFN1;TRIM36;JUN;PYURF;LSM7;CBX3;CRMP1;COX6B1;PAK2;MEIS2;KTN1;CLMP;APP;UBE2D1;RAB2A;UBE2D2;SLIRP;DYNC1I1;PCDH17;SNAP25;CSRP2;SMS;POU3F3;SCAND1;LMO3;NFIA;MEG3;ZEB2;LMO4;DUSP1;MARCKS;GNG4;IER2;SET;ANK3;PHPT1;KRT31;DAAM1;ELAVL2;RBFOX3;SCD5;GAP43;ATP5I;FTL;TMA7;BEX5;AP2B1;MIF;SERF2;NEDD8;TMSB15A;POMP;PET100;BCYRN1;SOX11;LLNLR-245B6.1;YWHAG;AC090498.1;LIMCH1;PRMT2;POU3F2;CNOT7;HNRNPH1;SRSF6;H1FX;MEF2C;CALM2;GPM6A;PTPRZ1;PFDN4;SEC61G;BHLHE22;PPDPF;BCL11A;CAPZA2;TUBB2A;ENC1;CALM1;NTM;CALY;SYT1;HSPA1A
neuron_pfc_mid	neuron_pfc_early	87	0.1929	C4orf48;CENPV;FTH1;KRT10;SLN;GADD45GIP1;VSTM2L;HNRNPAB;BAG1;RCN2;RANBP1;HMGN1;NNAT;COX5A;COX7A2;GCSH;MZT2B;MRPS34;RBP1;RPRM;DUT;SRM;RPS28;PGLS;ATP5J2;PFN1;TRIM36;LSM7;H2AFY2;COX6B1;MEIS2;COX7B;NDUFA11;UQCRQ;SNAP25;CSRP2;SNX3;UBL5;SLF1;POLR2L;SCAND1;LMO3;NFIA;NEUROG2;CCDC167;DBI;ATP5G1;NOP10;OST4;DNAJC15;COX17;ATP5I;FTL;TMA7;MIF;SERF2;UBB;UQCR10;TMSB15A;NDUFA4;POMP;TXN;ARL6IP1;ATP5J;HSBP1;NHP2;AC090498.1;TBCA;NDUFA3;NDUFC1;ZNF706;AP2S1;COA3;SHFM1;FDPS;SRI;H1FX;RPL39;MT-ND4L;MT-ND3;HIST1H4C;SEC61G;TUBB2A;ENC1;EIF1B;PSMD14;PLK2
neuron_pfc_mid	neuron_temporal_late	84	0.1863	C4orf48;TMSB10;YWHAH;RTN4;PKIA;OLFM1;NNAT;ATP5E;USMG5;THRA;PSIP1;COX6C;PGRMC1;BASP1;COX7C;WHSC1L1;KTN1;COX7B;SLIRP;UQCRQ;PCDH17;SNAP25;UBL5;TMEM258;HNRNPD;LMO3;MEG3;LMO4;CPE;PRKAR2B;KIF5C;MARCKS;NDN;AC004158.3;NLRP1;SET;ANK3;KIF1B;LSAMP;SPTBN1;CHL1;INA;PTPRA;PSD3;DST;SRRM2;CNTN1;DPYSL2;ATP5I;AP2B1;MIF;YWHAZ;CELF4;PEG10;MAP2;NDUFB1;YWHAG;ATPIF1;HMP19;TBCA;NDUFA1;NDUFA3;PREPL;RPS29;RPL39;RPL38;MT-ND4L;RPL37A;MT-ND3;MEF2C;RPL37;HIST1H4C;GPM6A;UQCRB;PTPRZ1;C14orf2;SEC61G;BHLHE22;BEX2;ENC1;DYNC1I2;CALM1;CALY;SYT1
neuron_pfc_mid	neuron_pfc_late	82	0.1818	PCSK1N;YBX1;MARCKSL1;FTH1;TTC9B;CLTB;YWHAH;LY6H;RPS2;RAC3;SLN;MTCH1;VSTM2L;NDFIP1;MAP1LC3A;EBPL;NNAT;STUB1;CBLN2;GCSH;RPRM;DUT;GUK1;SRM;SH3GL3;RFK;PFN1;KCNJ6;MEIS2;MMD;PCDH17;TCEA2;SNAP25;CSRP2;SNX3;SLF1;ACTR3B;LMO3;NFIA;COTL1;MEG3;LDB2;LMO4;FBXW7;PPP1R14C;GNAL;SSU72;FGF12;ATP8A2;CMC2;ELAVL4;INA;PALMD;AKAP7;GAP43;FTL;BEX5;MIF;UBB;DYNLL1;AK1;ACAT2;ARL6IP1;HMP19;ZNF706;AP2S1;LIMCH1;COA3;FDPS;CCDC124;SRI;AP1S1;CRIP2;CALM2;DSTN;PPDPF;TUBB2A;TUBA1A;CALM1;PLK2;UCHL1;FABP3
neuron_pfc_mid	neuron_v1_mid	81	0.1796	FTH1;RPL41;TTC9B;HES6;GLTSCR2;LY6H;RPS2;GADD45GIP1;HBG2;HMGN1;CCNI;GTF3A;COX5A;MRPL41;RSPO3;RPS21;RPS15;SERP2;RPS10;UQCRFS1;APLP1;SRSF2;C19orf60;MRPS34;RPL36;RPS28;CKB;COX5B;THRA;PGLS;BTG1;UQCR11;SMARCB1;PNMA1;FEZ1;CLTA;ITM2B;PFN1;RRAGA;JUN;LSM7;PAK2;UBE2D1;NCOR1;TOMM7;TMEM258;MYEOV2;SCAND1;LMO4;DUSP1;IER2;FGF12;OLFM2;SPTBN1;KHDRBS1;CHL1;ATP1B1;AKAP7;MIF;AC090498.1;LIMCH1;SHFM1;RPS27;RPL39;MT-ND3;MEF2C;RPL34;FABP7;RPL37;RPL17;HIST1H4C;ZBTB18;RASL10A;UQCRB;BHLHE22;PPDPF;BCL11A;NTM;PLK2;UCHL1;HSPA1A
neuron_pfc_mid	neuron_temporal_mid	73	0.1619	FTH1;TTC9B;RPL36A;GLTSCR2;RPS2;RAC3;RPS21;RPS15;RPL36;RPS28;TCEB2;COX6C;ATP5J2;SMARCB1;PGRMC1;COX7C;FSCN1;LSM7;SLIRP;UBL5;TOMM7;TMEM258;SCAND1;IGFBP5;LMO3;MEG3;FBXW7;GNAL;AC004158.3;DST;PALMD;TMSB4X;ATP5I;MIF;UQCR10;DYNLL1;YWHAE;NDUFA4;CELF4;PEG10;PET100;MAP2;SOX11;NDUFB1;AC090498.1;HMP19;NDUFA1;NDUFA3;HNRNPH1;RPS29;RPS27;RPL39;RPL38;MT-ND4L;RPL37A;MT-ND3;MEF2C;RPL21;RPL34;FABP7;RPL37;RPL17;HIST1H4C;UQCRB;DSTN;SEC61G;BEX2;TUBB2A;EIF2S2;NTM;KHDRBS3;PLK2;SYT1
neuron_pfc_mid	neuron_temporal_early	50	0.1109	PCSK1N;YBX1;TTC9B;LY6H;RPS2;RAC3;PKIA;RPS21;RPL36;ATP5E;RPRM;USMG5;CACNA2D1;THRA;TMEM59L;SLF1;SEZ6L2;LMO3;COTL1;MEG3;PRKAR2B;AC004158.3;PHPT1;KIF1B;DAAM1;SPTBN1;CHL1;INA;PSD3;DST;SCD5;BACH2;DPF1;GAP43;DPYSL2;BEX5;TXN;ATPIF1;HMP19;RPS29;RPL38;RPL37A;MEF2C;FABP7;DSTN;TUBB2A;CALM1;MPPED1;KHDRBS3;UCHL1
neuron_pfc_mid	neuron_v1_early	46	0.102	RPL41;RPL36A;GADD45GIP1;NDUFA13;NNAT;RPS21;RPS15;RPS10;C19orf60;RPL36;RPS28;CKB;MTDH;TCEB2;SNHG7;DYNC1I1;SNAP25;IGFBP5;NFIA;DUSP1;FGF12;SET;PHPT1;PALMD;UQCR10;DYNLL1;SOX11;AC090498.1;COA3;HNRNPH1;SRSF6;AP1S1;CRIP2;RPL39;RPL38;RPL37A;RPL37;RPL17;HIST1H4C;ZBTB18;PTPRZ1;BCL11A;CALM1;NTM;PLK2;HSPA1A
neuron_pfc_mid	neuron_v1_late	28	0.0621	RPL41;RPL36A;RPS21;RPS15;RPS10;RPL36;RPS28;COX7C;TOMM7;SOX11;AC090498.1;RPS29;RPS27;RPL39;RPL38;RPL37A;MT-ND3;MEF2C;RPL34;RPL23A;FABP7;RPL37;RPL17;HIST1H4C;ZBTB18;BHLHE22;BCL11A;HSPA1A
neuron_pfc_mid	neuron_pfc_mid_unique	27	0.0599	PPP1R1B;DUSP4;SLC25A11;RNF10;LRRC61;RNF11;SLC4A7;PRSS23;RNF175;GAREM1;DEAF1;JAK1;GRM7;FARP1;FAM155A;SESTD1;MRAS;PLEKHO1;MAP4K5;PDE4D;AES;NAV3;GRINA;ACYP1;LAMTOR2;VSTM2B;CAMK2N2
neuron_temporal_early	neuron_temporal_early_all	146	1	MEF2C;DOK5;RPL37A;EEF1B2;RPS18;CHL1;GRIN2B;GPR22;RPLP1;NELL2;RPL26;CALM1;SYBU;LHFP;ARPP21;RPL36;INA;SLITRK5;RPS2;RPS21;RPS29;PCSK1N;STMN2;CELF2;SYT4;TUBB2A;RPL38;DSTN;NR2F1;MAP1B;NEFM;FAM49A;FAT3;DACT1;NBEA;DAAM1;RPL27;RTN1;PSD3;DNM3;CALM3;YBX1;ATP5E;PCDH9;R3HDM1;GAP43;CAMK2B;FLRT2;RPL35;EEF1A2;PKIA;POLE4;PRKAR2B;KHDRBS3;PLXNA4;ADCY1;RPRM;DPF1;KCNQ1OT1;ATP6V0B;SSBP2;DAB1;LUC7L3;SPINT2;CNRIP1;RAC3;DLG2;TXN;SCD5;NRXN2;TTC9B;ATPIF1;FAM3C;CTXN1;MPPED1;NCAM1;SCG5;ASAH1;DPYSL2;DNER;RP11-356J5.12;CAMKV;TSPO;HMP19;SPTBN1;USMG5;RUNX1T1;UCHL1;TCTEX1D2;ANK2;LY6H;TBCB;THRA;SLF1;VIM;PHPT1;STMN4;TMEM108;MAPT;BEX5;SEZ6L2;RASL11B;MYCBP2;COTL1;FKBP1B;HMGCR;NME1;PRKACB;TLE4;C1QTNF4;AP3S1;DCLK1;BCAP29;CDKN2D;RAP2A;RIC3;BACH2;SNCA;KIF1B;GNPTAB;NTRK3;PCLO;CTNND2;KIF2A;FABP7;ATP2B1;CSAD;TMEM59L;DST;SERINC1;SATB2;ATP1A3;CACNA2D1;SSBP3;SOBP;CXADR;LMO3;KIDINS220;WASF1;AC004158.3;RALYL;ABHD14A;COMMD2;ZRANB2;CDH2;MEG3
neuron_temporal_early	neuron_temporal_early_shared	144	0.9863	
neuron_temporal_early	neuron_msp_mid	92	0.6301	MEF2C;DOK5;RPL37A;CHL1;GRIN2B;GPR22;NELL2;SYBU;LHFP;ARPP21;RPL36;INA;RPS2;RPS21;RPS29;PCSK1N;STMN2;SYT4;TUBB2A;RPL38;NR2F1;MAP1B;NEFM;FAM49A;DACT1;NBEA;DAAM1;RPL27;RTN1;YBX1;ATP5E;PCDH9;R3HDM1;CAMK2B;RPL35;PKIA;KHDRBS3;ADCY1;RPRM;KCNQ1OT1;SSBP2;LUC7L3;SPINT2;RAC3;SCD5;TTC9B;ATPIF1;MPPED1;NCAM1;SCG5;DPYSL2;DNER;TSPO;HMP19;SPTBN1;USMG5;RUNX1T1;UCHL1;ANK2;LY6H;TBCB;THRA;SLF1;VIM;MAPT;SEZ6L2;RASL11B;MYCBP2;COTL1;PRKACB;TLE4;AP3S1;RAP2A;RIC3;BACH2;KIF1B;PCLO;CTNND2;KIF2A;TMEM59L;DST;SERINC1;SATB2;CACNA2D1;SSBP3;SOBP;LMO3;KIDINS220;AC004158.3;COMMD2;ZRANB2;MEG3
neuron_temporal_early	neuron_temporal_mid	61	0.4178	MEF2C;DOK5;RPL37A;EEF1B2;GRIN2B;GPR22;RPLP1;NELL2;SYBU;LHFP;RPL36;SLITRK5;RPS2;RPS21;RPS29;SYT4;TUBB2A;RPL38;DSTN;NR2F1;NEFM;FAM49A;NBEA;RPL27;PCDH9;R3HDM1;CAMK2B;RPL35;EEF1A2;KHDRBS3;PLXNA4;SSBP2;LUC7L3;SPINT2;RAC3;TTC9B;SCG5;ASAH1;DNER;CAMKV;TSPO;HMP19;RUNX1T1;VIM;RASL11B;TLE4;AP3S1;RAP2A;RIC3;SNCA;CTNND2;FABP7;DST;SSBP3;CXADR;LMO3;AC004158.3;COMMD2;ZRANB2;CDH2;MEG3
neuron_temporal_early	neuron_pfc_mid	50	0.3425	MEF2C;RPL37A;CHL1;CALM1;RPL36;INA;RPS2;RPS21;RPS29;PCSK1N;TUBB2A;RPL38;DSTN;DAAM1;PSD3;YBX1;ATP5E;GAP43;PKIA;PRKAR2B;KHDRBS3;RPRM;DPF1;RAC3;TXN;SCD5;TTC9B;ATPIF1;MPPED1;DPYSL2;HMP19;SPTBN1;USMG5;UCHL1;LY6H;THRA;SLF1;PHPT1;BEX5;SEZ6L2;COTL1;BACH2;KIF1B;FABP7;TMEM59L;DST;CACNA2D1;LMO3;AC004158.3;MEG3
neuron_temporal_early	neuron_msp_late	48	0.3288	MEF2C;DOK5;RPL37A;RPS18;CHL1;GPR22;RPLP1;RPL26;RPL36;INA;RPS21;RPS29;RPL38;NEFM;DACT1;RPL27;ATP5E;GAP43;RPL35;PKIA;PRKAR2B;PLXNA4;KCNQ1OT1;DAB1;LUC7L3;SCD5;ATPIF1;CTXN1;NCAM1;DPYSL2;USMG5;TBCB;MAPT;BEX5;SEZ6L2;MYCBP2;TLE4;KIF1B;GNPTAB;KIF2A;FABP7;CACNA2D1;SOBP;LMO3;KIDINS220;AC004158.3;ZRANB2;MEG3
neuron_temporal_early	neuron_temporal_late	44	0.3014	MEF2C;RPL37A;CHL1;GRIN2B;CALM1;ARPP21;INA;RPS29;CELF2;RPL38;NR2F1;NBEA;PSD3;ATP5E;PCDH9;R3HDM1;PKIA;PRKAR2B;KCNQ1OT1;LUC7L3;NRXN2;ATPIF1;FAM3C;NCAM1;DPYSL2;HMP19;SPTBN1;USMG5;ANK2;THRA;MAPT;MYCBP2;DCLK1;KIF1B;PCLO;KIF2A;DST;SOBP;LMO3;KIDINS220;AC004158.3;ZRANB2;CDH2;MEG3
neuron_temporal_early	neuron_v1_mid	42	0.2877	MEF2C;DOK5;CHL1;SYBU;ARPP21;RPL36;RPS2;RPS21;CELF2;NR2F1;NEFM;FAM49A;FAT3;DACT1;RPL27;PCDH9;CAMK2B;ADCY1;LUC7L3;SPINT2;DLG2;NRXN2;TTC9B;ASAH1;CAMKV;SPTBN1;RUNX1T1;UCHL1;TCTEX1D2;LY6H;THRA;VIM;STMN4;TMEM108;C1QTNF4;BCAP29;NTRK3;FABP7;CSAD;SATB2;SOBP;WASF1
neuron_temporal_early	neuron_pfc_late	40	0.274	GRIN2B;NELL2;CALM1;ARPP21;INA;RPS2;PCSK1N;STMN2;SYT4;TUBB2A;DSTN;MAP1B;RTN1;YBX1;GAP43;POLE4;RPRM;KCNQ1OT1;ATP6V0B;CNRIP1;RAC3;TTC9B;NCAM1;RP11-356J5.12;HMP19;RUNX1T1;UCHL1;LY6H;TBCB;SLF1;STMN4;MAPT;BEX5;COTL1;FKBP1B;SNCA;PCLO;LMO3;RALYL;MEG3
neuron_temporal_early	neuron_v1_early	28	0.1918	DOK5;RPL37A;RPS18;RPL26;CALM1;RPL36;RPS21;RPL38;NR2F1;NEFM;FAM49A;RPL27;PCDH9;RPL35;ADCY1;SSBP2;NCAM1;SCG5;ASAH1;CAMKV;RUNX1T1;PHPT1;NME1;TLE4;SSBP3;SOBP;WASF1;CDH2
neuron_temporal_early	neuron_msp_early	27	0.1849	MEF2C;CALM1;ARPP21;RPS2;PCSK1N;STMN2;TUBB2A;NR2F1;MAP1B;NEFM;DAAM1;YBX1;GAP43;RPRM;RAC3;SCD5;USMG5;LY6H;TBCB;PHPT1;BEX5;ATP2B1;CSAD;SATB2;LMO3;WASF1;MEG3
neuron_temporal_early	neuron_v1_late	16	0.1096	MEF2C;DOK5;RPL37A;RPLP1;RPL26;RPL36;RPS21;RPS29;RPL38;NR2F1;NEFM;RPL27;PCDH9;RPL35;RUNX1T1;FABP7
neuron_temporal_early	neuron_pfc_early	7	0.0479	SYT4;TUBB2A;RPRM;TXN;SLF1;VIM;LMO3
neuron_temporal_early	neuron_temporal_early_unique	2	0.0137	CALM3;ATP1A3
neuron_temporal_late	neuron_temporal_late_all	225	1	MEG3;MT-ND3;NR2F2;BASP1;NR2F1;HIST1H4C;GRIA2;ENC1;MAP2;CNTNAP2;LMO3;MALAT1;MT-ND4L;MARCKS;SOX4;RPL37A;NRGN;SEC62;OLFM1;CALM1;PEG10;CADM1;ID4;HMP19;CHL1;YWHAZ;CELF4;RTN4;RPL39;GPM6A;RPS29;VCAN;MEF2C;NEGR1;RPL38;PCDH9;KIF5C;UQCRB;RPL37;NNAT;LRRN3;GRIN2B;LSAMP;PKIA;YWHAH;COX7C;FAM19A2;TMSB10;MAPT;RTN3;CHD5;ANK3;CDH2;PGRMC1;DEK;CALY;ATP5E;MORF4L1;TMEFF2;COX6C;AC004158.3;BHLHE22;PCLO;APC;LINC00657;INA;PDE1A;ARPP21;AKAP9;YWHAB;MT-ND5;ADGRB3;PAFAH1B1;ZRANB2;LUZP2;CNTN1;MT-ND1;UBL5;SHOC2;ATPIF1;SLC8A1;PTPRZ1;DPYSL2;MTPN;MYCBP2;NRXN1;AAK1;LUC7L3;AGTPBP1;ANK2;SON;ATP5I;CMIP;PJA2;SEC61G;SRGAP3;YWHAG;TMOD2;CELF2;PSD3;PCDH7;NBEA;PTPRA;GNAO1;WHSC1L1;JPH4;TCF4;CCDC88A;PAK3;PIK3R1;SYT1;SNAP25;SCN2A;PTN;USMG5;CLSTN1;FAM3C;HNRNPD;JAKMIP2;AP2B1;NUCKS1;NDUFA3;PCDH17;BEX2;PRRC2C;C4orf48;RUFY3;NDUFB1;GABRB3;NLRP1;SRRM2;DDX24;CLCN3;CAMK2N1;NCL;KIDINS220;ERC1;ELAVL3;ARHGEF12;KIF2A;NREP;STXBP1;UQCRQ;SFPQ;CPE;MT-ND2;SCOC;DYNC1I2;CBX5;RBFOX2;PREPL;CD200;KTN1;KIFAP3;KIAA1109;FNBP1L;NCAM1;BEX1;KCNQ1OT1;HP1BP3;R3HDM1;IDS;PSIP1;CHGB;KIF1B;AKT3;SPTBN1;ANKRD11;SLIRP;BCL7A;PTPRD;DCLK1;ZBTB38;TMEM258;GTF2H5;REV3L;NDN;MIF;SYP;U2SURP;SMARCA2;PHF3;NAP1L3;C14orf2;DST;EIF3J;NDUFA1;THRA;SLC39A10;TBCA;TMEM35;DCX;NRXN2;ARGLU1;FAM172A;CEP170;SET;LMO4;TCEAL4;CGGBP1;DDX18;SCG3;ATRX;DNM1L;HSP90B1;MAP1A;SHTN1;TNRC6B;BPTF;COX7B;CAMTA1;OSBPL8;PRKAR2B;G3BP2;TPM3;GNAS;SSB;RBM25;AASDHPPT;CCDC112;SYT11;CBX1;SOBP;RTF1;PCM1
neuron_temporal_late	neuron_temporal_late_shared	213	0.9467	
neuron_temporal_late	neuron_msp_mid	145	0.6444	MEG3;MT-ND3;BASP1;NR2F1;HIST1H4C;GRIA2;ENC1;MAP2;CNTNAP2;LMO3;MALAT1;MT-ND4L;SOX4;RPL37A;SEC62;OLFM1;PEG10;ID4;HMP19;CHL1;CELF4;RTN4;RPL39;GPM6A;RPS29;VCAN;MEF2C;NEGR1;RPL38;PCDH9;UQCRB;RPL37;NNAT;GRIN2B;LSAMP;PKIA;COX7C;MAPT;RTN3;ANK3;PGRMC1;CALY;ATP5E;TMEFF2;COX6C;AC004158.3;BHLHE22;PCLO;APC;LINC00657;INA;PDE1A;ARPP21;YWHAB;MT-ND5;ZRANB2;CNTN1;UBL5;SHOC2;ATPIF1;SLC8A1;PTPRZ1;DPYSL2;MYCBP2;NRXN1;AAK1;LUC7L3;AGTPBP1;ANK2;SON;ATP5I;NBEA;PTPRA;WHSC1L1;PIK3R1;SYT1;SNAP25;SCN2A;PTN;USMG5;CLSTN1;HNRNPD;JAKMIP2;AP2B1;NDUFA3;PCDH17;BEX2;PRRC2C;C4orf48;RUFY3;NDUFB1;NLRP1;SRRM2;DDX24;NCL;KIDINS220;ERC1;ELAVL3;ARHGEF12;KIF2A;NREP;SFPQ;CPE;DYNC1I2;CBX5;RBFOX2;PREPL;KTN1;KIFAP3;FNBP1L;NCAM1;KCNQ1OT1;HP1BP3;R3HDM1;KIF1B;AKT3;SPTBN1;SLIRP;BCL7A;PTPRD;ZBTB38;TMEM258;GTF2H5;NDN;MIF;DST;EIF3J;NDUFA1;THRA;SLC39A10;TMEM35;ARGLU1;CEP170;LMO4;TCEAL4;DDX18;SCG3;HSP90B1;SHTN1;TNRC6B;BPTF;SSB;CBX1;SOBP;RTF1
neuron_temporal_late	neuron_msp_late	139	0.6178	MEG3;MT-ND3;BASP1;HIST1H4C;ENC1;MAP2;LMO3;MALAT1;MT-ND4L;MARCKS;SOX4;RPL37A;SEC62;PEG10;CHL1;YWHAZ;CELF4;RTN4;RPL39;GPM6A;RPS29;VCAN;MEF2C;RPL38;KIF5C;UQCRB;RPL37;NNAT;PKIA;COX7C;TMSB10;MAPT;ANK3;DEK;ATP5E;MORF4L1;COX6C;AC004158.3;BHLHE22;APC;LINC00657;INA;AKAP9;PAFAH1B1;ZRANB2;MT-ND1;UBL5;SHOC2;ATPIF1;PTPRZ1;DPYSL2;MYCBP2;NRXN1;AAK1;LUC7L3;SON;ATP5I;SEC61G;SRGAP3;TMOD2;PTPRA;GNAO1;WHSC1L1;JPH4;TCF4;SYT1;PTN;USMG5;HNRNPD;AP2B1;NUCKS1;NDUFA3;PCDH17;BEX2;PRRC2C;C4orf48;NDUFB1;NLRP1;SRRM2;DDX24;CLCN3;CAMK2N1;NCL;KIDINS220;ERC1;ELAVL3;KIF2A;NREP;STXBP1;UQCRQ;SFPQ;CPE;MT-ND2;DYNC1I2;CBX5;RBFOX2;PREPL;KTN1;KIFAP3;FNBP1L;NCAM1;BEX1;KCNQ1OT1;HP1BP3;KIF1B;ANKRD11;SLIRP;BCL7A;PTPRD;TMEM258;MIF;SYP;C14orf2;EIF3J;NDUFA1;DCX;ARGLU1;FAM172A;CEP170;SET;TCEAL4;DDX18;SCG3;ATRX;DNM1L;HSP90B1;SHTN1;TNRC6B;BPTF;OSBPL8;PRKAR2B;G3BP2;RBM25;CCDC112;SYT11;CBX1;SOBP;RTF1;PCM1
neuron_temporal_late	neuron_pfc_mid	84	0.3733	MEG3;MT-ND3;BASP1;HIST1H4C;ENC1;MAP2;LMO3;MT-ND4L;MARCKS;RPL37A;OLFM1;CALM1;PEG10;HMP19;CHL1;YWHAZ;CELF4;RTN4;RPL39;GPM6A;RPS29;MEF2C;RPL38;KIF5C;UQCRB;RPL37;NNAT;LSAMP;PKIA;YWHAH;COX7C;TMSB10;ANK3;PGRMC1;CALY;ATP5E;COX6C;AC004158.3;BHLHE22;INA;CNTN1;UBL5;ATPIF1;PTPRZ1;DPYSL2;ATP5I;SEC61G;YWHAG;PSD3;PTPRA;WHSC1L1;SYT1;SNAP25;USMG5;HNRNPD;AP2B1;NDUFA3;PCDH17;BEX2;C4orf48;NDUFB1;NLRP1;SRRM2;UQCRQ;CPE;DYNC1I2;PREPL;KTN1;PSIP1;KIF1B;SPTBN1;SLIRP;TMEM258;NDN;MIF;C14orf2;DST;NDUFA1;THRA;TBCA;SET;LMO4;COX7B;PRKAR2B
neuron_temporal_late	neuron_temporal_mid	70	0.3111	MEG3;MT-ND3;NR2F1;HIST1H4C;GRIA2;MAP2;LMO3;MT-ND4L;SOX4;RPL37A;SEC62;PEG10;CADM1;HMP19;CELF4;RPL39;RPS29;VCAN;MEF2C;NEGR1;RPL38;PCDH9;UQCRB;RPL37;GRIN2B;COX7C;CHD5;CDH2;PGRMC1;MORF4L1;TMEFF2;COX6C;AC004158.3;PDE1A;MT-ND5;ADGRB3;ZRANB2;UBL5;SHOC2;NRXN1;LUC7L3;SON;ATP5I;SEC61G;NBEA;SYT1;SCN2A;NDUFA3;BEX2;NDUFB1;DDX24;NCL;ERC1;ARHGEF12;NREP;MT-ND2;SCOC;R3HDM1;IDS;SLIRP;BCL7A;TMEM258;GTF2H5;MIF;SMARCA2;DST;NDUFA1;TCEAL4;DDX18;SSB
neuron_temporal_late	neuron_msp_early	48	0.2133	MEG3;BASP1;NR2F1;ENC1;LMO3;MARCKS;CALM1;CADM1;ID4;RTN4;GPM6A;MEF2C;NNAT;ANK3;CALY;BHLHE22;ARPP21;AKAP9;MT-ND1;PTPRZ1;AAK1;ATP5I;SEC61G;YWHAG;TCF4;SYT1;SNAP25;USMG5;AP2B1;PCDH17;C4orf48;CAMK2N1;MT-ND2;KTN1;KIFAP3;HP1BP3;AKT3;SLIRP;BCL7A;MIF;DCX;ARGLU1;SET;LMO4;TNRC6B;CCDC112;CBX1;RTF1
neuron_temporal_late	neuron_temporal_early	44	0.1956	MEG3;NR2F1;LMO3;RPL37A;CALM1;HMP19;CHL1;RPS29;MEF2C;RPL38;PCDH9;GRIN2B;PKIA;MAPT;CDH2;ATP5E;AC004158.3;PCLO;INA;ARPP21;ZRANB2;ATPIF1;DPYSL2;MYCBP2;LUC7L3;ANK2;CELF2;PSD3;NBEA;USMG5;FAM3C;KIDINS220;KIF2A;NCAM1;KCNQ1OT1;R3HDM1;KIF1B;SPTBN1;DCLK1;DST;THRA;NRXN2;PRKAR2B;SOBP
neuron_temporal_late	neuron_v1_mid	38	0.1689	MT-ND3;NR2F1;HIST1H4C;GRIA2;MALAT1;SOX4;CHL1;RPL39;MEF2C;PCDH9;UQCRB;RPL37;LRRN3;DEK;BHLHE22;ARPP21;SLC8A1;LUC7L3;SON;CELF2;JPH4;TCF4;PTN;NREP;HP1BP3;SPTBN1;BCL7A;PTPRD;TMEM258;MIF;NAP1L3;THRA;NRXN2;ARGLU1;LMO4;OSBPL8;CCDC112;SOBP
neuron_temporal_late	neuron_pfc_late	31	0.1378	MEG3;LMO3;CALM1;HMP19;NNAT;GRIN2B;YWHAH;MAPT;PCLO;INA;ARPP21;YWHAB;PAFAH1B1;MT-ND1;NRXN1;SNAP25;PCDH17;PRRC2C;ELAVL3;MT-ND2;SCOC;NCAM1;KCNQ1OT1;HP1BP3;MIF;TMEM35;ARGLU1;CEP170;LMO4;CBX1;RTF1
neuron_temporal_late	neuron_pfc_early	20	0.0889	MT-ND3;HIST1H4C;ENC1;LMO3;MT-ND4L;RPL39;NNAT;MT-ND5;UBL5;ATP5I;SEC61G;SNAP25;PTN;NDUFA3;C4orf48;UQCRQ;MIF;TBCA;COX7B;CAMTA1
neuron_temporal_late	neuron_v1_early	19	0.0844	NR2F1;HIST1H4C;RPL37A;CALM1;RPL39;RPL38;PCDH9;RPL37;NNAT;CDH2;MT-ND1;PTPRZ1;TCF4;SNAP25;PTN;NCAM1;AKT3;SET;SOBP
neuron_temporal_late	neuron_v1_late	17	0.0756	MT-ND3;NR2F1;HIST1H4C;RPL37A;RPL39;RPS29;MEF2C;RPL38;PCDH9;RPL37;COX7C;BHLHE22;SON;TCF4;PTN;NREP;PTPRD
neuron_temporal_late	neuron_temporal_late_unique	12	0.0533	NRGN;FAM19A2;PJA2;PCDH7;CD200;KIAA1109;CHGB;REV3L;U2SURP;PHF3;MAP1A;TPM3
neuron_temporal_mid	neuron_temporal_mid_all	387	1	RPS2;EEF1A1;RPL15;ACTG1;EEF1B2;RPSA;RPL4;RPL7A;DOK5;TUBB2A;RPL3;VIM;NPY;RASL11B;GNB2L1;EIF4A2;NEUROD6;TMEFF2;LHFP;NEFM;ASCL1;TUBA1B;LHX2;EEF2;HSPA8;LPL;NEFL;NR2F1;PCSK2;SYBU;EIF3E;NELL2;NR4A2;ID2;DSTN;EFNB2;RAC3;GSTA4;CAMK2B;SNX7;FABP7;EIF3L;C12orf75;EEF1A2;TSPO;SPINT2;RUNX1T1;TTC9B;IGSF21;AP3S1;FAM19A1;EIF3F;ASAH1;SNCA;MRPS6;DNER;SLITRK5;ETFB;CAMKV;RAP2A;ARG2;C11orf96;SERPINI1;FOXP1;CRYM;TLE4;SOX4;RPS29;TMSB4X;RPL37A;RPS27;RPS28;RPL39;RPL37;PAPPA2;RPL34;NREP;TMEM161B-AS1;RPL38;MT-ND3;RPS12;PDE1A;RPL21;SORCS1;MAP2;SCG5;RPLP2;MEG3;AC090498.1;AC004158.3;SSBP2;SOX5;ETV1;LMO3;ZFAS1;GRIA2;RPL30;RPL36;SEMA3E;RPS25;PCDH9;VRK1;CELF4;RPL23;RPL35A;RPS23;HMGB1;RPL31;NFIB;TRPM3;RPL27;ROBO2;BCL11B;RP11-286B14.1;TCEAL4;FAU;RPL22;NDUFA4;RIMS2;BEX2;RPL35;DMD;TENM3;DYNLL1;PEG10;B3GALT2;MEF2C;LMO7;VSNL1;HMP19;MT-ND4L;SEC62;KCTD12;NRXN1;UQCRB;GRM3;HIST1H4C;TOMM7;MGLL;UBL5;MORF4L1;CIRBP;COX7C;CDH13;SATB1;NDUFB1;BEX4;SSBP3;TSTD1;SUB1;UQCR10;NCL;YWHAE;SKP1;PDZD2;GNAL;DST;GPR22;NUAK1;NEGR1;IGFBP5;GTF2H5;CTNND2;ARL17B;RIC3;FEZF2;LINC00632;COX6C;SMARCA2;C14orf132;ARID4A;LUC7L3;ABRACL;NDUFA1;NBEA;NLGN1;TSHZ3;EID1;CDR1-AS;FBXW7;NDUFB4;ATP5I;CDC42;EPHB1;SLIRP;GAS7;COX7A2L;DDX24;FAM49A;DNAJB6;TCEB2;NTM;EPHA7;TMEM258;NDUFA3;GABRB2;TDG;RPL17;OAZ1;CMSS1;SDCCAG8;EIF5B;ARL17A;PET100;NAA38;MDH1;NTRK2;PDS5B;SPOP;CDH2;RBM39;B3GAT1;SSB;DDX18;SEC61G;RPAIN;CDKL2;SHOC2;CNBP;PSMD1;EIF2S2;ZRANB2;SON;TCEAL1;NCOA7;TBR1;ARL4D;TCEAL7;NUMB;ATP5J2;KRTCAP2;SYNE2;CEBPZ;AGAP1;PLEKHA5;KHDRBS3;AC159540.1;WBP4;SYT1;TMEM14A;MAP9;SCN2A;SCOC;ANKS1B;ARHGEF12;C16orf87;GRIN2B;TMEM106C;SPCS1;CSRNP3;TIMM8B;ANKRD12;KNOP1;GSTM3;NSA2;KAT6B;SORBS2;NIN;ARL3;NYAP2;RASAL2;ANAPC16;COMMD2;ERC1;ADGRB3;ROMO1;PALMD;HNRNPA0;EIF4A1;CADM1;FOS;SYT4;CXADR;RP11-386G11.10;KIAA1107;FSCN1;PDE4DIP;CNN3;PLXNA4;PLXNA2;FAM57B;VCAN;PPP1R15A;FAM13A;SDCBP;TTC28;SNRNP70;GADD45G;PGRMC1;TENM4;SERPINE2;SMARCB1;RAB11B;MASP1;EIF3D;ZNF608;PLD3;EPHA3;TUBA1C;HNRNPA1L2;SNRPN;GLTSCR2;EZR;ROBO1;CAMK4;DDX39B;ARRDC3;TCF12;SF3A2;DNAJB1;DLGAP1;SLC35B4;IDS;IDH2;PSMA1;C1orf216;HERC1;AKIRIN2;PLK2;TBCC;EXOC4;CCNB1IP1;KLF7;PHIP;IMPDH2;CTNND1;LMBR1L;CDH4;ADAR;ARL4A;REC8;CASC15;FRMD4A;EZH2;HIF1A;BCL7A;CEP85L;MFSD10;SCAND1;IVNS1ABP;FNBP1;MAPRE1;CALR;ZNF704;RPS8;RPS26;RPS17;RPL36A;RPS21;CHD5;R3HDM1;RPS24;MT-CO2;RPL10;RPL32;SOX11;RPL11;MT-ND4;RPS15;RPS4X;RPS13;RPS27A;RPL12;RPLP1;MT-ND2;MT-CO1;RPL24;FTH1;MT-ATP6;RPS15A;RPL8;RPL28;MT-ND5;MIF;RPS7;RPS11;HNRNPH1;PRDX1;UBA52;COMMD6;C12orf57;FABP5;LSM7;TMEM158;LRRC75A;CTNNB1;MTRNR2L8
neuron_temporal_mid	neuron_temporal_mid_shared	366	0.9457	
neuron_temporal_mid	neuron_msp_mid	251	0.6486	RPS2;EEF1A1;ACTG1;RPL4;DOK5;TUBB2A;VIM;NPY;RASL11B;NEUROD6;TMEFF2;LHFP;NEFM;ASCL1;LHX2;EEF2;HSPA8;LPL;NEFL;NR2F1;SYBU;NELL2;NR4A2;ID2;EFNB2;RAC3;GSTA4;CAMK2B;SNX7;TSPO;SPINT2;RUNX1T1;TTC9B;AP3S1;EIF3F;DNER;ETFB;RAP2A;SERPINI1;FOXP1;CRYM;TLE4;SOX4;RPS29;TMSB4X;RPL37A;RPS27;RPS28;RPL39;RPL37;PAPPA2;RPL34;NREP;TMEM161B-AS1;RPL38;MT-ND3;RPS12;PDE1A;RPL21;SORCS1;MAP2;SCG5;RPLP2;MEG3;AC090498.1;AC004158.3;SSBP2;SOX5;ETV1;LMO3;ZFAS1;GRIA2;RPL30;RPL36;SEMA3E;RPS25;PCDH9;VRK1;CELF4;RPL23;RPL35A;RPS23;HMGB1;RPL31;NFIB;TRPM3;RPL27;ROBO2;BCL11B;TCEAL4;FAU;RPL22;NDUFA4;RIMS2;BEX2;RPL35;DMD;PEG10;B3GALT2;MEF2C;LMO7;VSNL1;HMP19;MT-ND4L;SEC62;KCTD12;NRXN1;UQCRB;GRM3;HIST1H4C;TOMM7;MGLL;UBL5;COX7C;SATB1;NDUFB1;SSBP3;UQCR10;NCL;GNAL;DST;GPR22;NUAK1;NEGR1;GTF2H5;CTNND2;ARL17B;RIC3;FEZF2;LINC00632;COX6C;C14orf132;ARID4A;LUC7L3;ABRACL;NDUFA1;NBEA;NLGN1;TSHZ3;EID1;CDR1-AS;FBXW7;NDUFB4;ATP5I;EPHB1;SLIRP;GAS7;DDX24;FAM49A;NTM;TMEM258;NDUFA3;GABRB2;TDG;RPL17;CMSS1;SDCCAG8;EIF5B;PET100;NTRK2;PDS5B;SPOP;RBM39;B3GAT1;SSB;DDX18;CDKL2;SHOC2;CNBP;PSMD1;EIF2S2;ZRANB2;SON;NCOA7;TBR1;TCEAL7;NUMB;ATP5J2;SYNE2;CEBPZ;AGAP1;PLEKHA5;KHDRBS3;AC159540.1;WBP4;SYT1;TMEM14A;SCN2A;ANKS1B;ARHGEF12;GRIN2B;TMEM106C;CSRNP3;TIMM8B;ANKRD12;KNOP1;NSA2;KAT6B;NIN;NYAP2;RASAL2;COMMD2;ERC1;ROMO1;PALMD;EIF4A1;FOS;SYT4;RP11-386G11.10;FSCN1;FAM57B;VCAN;FAM13A;SDCBP;SNRNP70;GADD45G;PGRMC1;SERPINE2;RAB11B;MASP1;ZNF608;SNRPN;GLTSCR2;EZR;CAMK4;IDH2;PSMA1;AKIRIN2;PLK2;KLF7;CDH4;ARL4A;BCL7A;CEP85L;SCAND1;RPS8;RPS26;RPL36A;RPS21;R3HDM1;MT-CO2;SOX11;MT-ND4;FTH1;MT-ATP6;RPS15A;RPL8;MT-ND5;MIF;C12orf57;MTRNR2L8
neuron_temporal_mid	neuron_msp_late	132	0.3411	EEF1A1;DOK5;RPL3;NEFM;NEFL;EIF3E;ID2;FABP7;ETFB;TLE4;SOX4;RPS29;RPL37A;RPS27;RPS28;RPL39;RPL37;RPL34;NREP;TMEM161B-AS1;RPL38;MT-ND3;RPS12;RPL21;MAP2;RPLP2;MEG3;AC090498.1;AC004158.3;SOX5;LMO3;ZFAS1;RPL30;RPL36;RPS25;CELF4;RPL23;RPL35A;RPS23;RPL31;NFIB;RPL27;TCEAL4;FAU;NDUFA4;BEX2;RPL35;PEG10;B3GALT2;MEF2C;MT-ND4L;SEC62;NRXN1;UQCRB;HIST1H4C;TOMM7;UBL5;MORF4L1;COX7C;NDUFB1;TSTD1;UQCR10;NCL;YWHAE;GNAL;GPR22;COX6C;LUC7L3;NDUFA1;NDUFB4;ATP5I;SLIRP;DDX24;TCEB2;NTM;TMEM258;NDUFA3;TDG;RPL17;EIF5B;PET100;RBM39;DDX18;SEC61G;SHOC2;ZRANB2;SON;ATP5J2;SYNE2;CEBPZ;SYT1;NSA2;KAT6B;ERC1;ROMO1;PALMD;FOS;KIAA1107;CNN3;PLXNA4;PLXNA2;VCAN;FAM13A;TTC28;ZNF608;EZR;FRMD4A;BCL7A;ZNF704;RPS8;RPS26;RPS17;RPL36A;RPS21;RPS24;RPL32;SOX11;RPS15;RPS13;RPS27A;RPL12;RPLP1;MT-ND2;RPL24;RPS15A;RPL28;MIF;RPS11;HNRNPH1;UBA52;COMMD6;LSM7
neuron_temporal_mid	neuron_v1_mid	98	0.2532	RPS2;EEF1A1;ACTG1;RPL4;DOK5;RPL3;VIM;NPY;GNB2L1;EIF4A2;NEFM;LHX2;EEF2;HSPA8;LPL;NEFL;NR2F1;SYBU;ID2;CAMK2B;SNX7;FABP7;SPINT2;RUNX1T1;TTC9B;IGSF21;FAM19A1;EIF3F;ASAH1;ETFB;CAMKV;FOXP1;SOX4;RPS27;RPS28;RPL39;RPL37;RPL34;NREP;TMEM161B-AS1;MT-ND3;RPS12;AC090498.1;GRIA2;RPL30;RPL36;PCDH9;RPL23;RPL35A;RPS23;RPL27;FAU;RPL22;MEF2C;UQCRB;HIST1H4C;TOMM7;MGLL;TSTD1;LUC7L3;EPHB1;FAM49A;NTM;TMEM258;RPL17;SON;SYNE2;ANKS1B;PDE4DIP;PLXNA2;FAM57B;SDCBP;SNRNP70;GADD45G;TENM4;SMARCB1;GLTSCR2;EZR;CAMK4;AKIRIN2;PLK2;BCL7A;SCAND1;RPS8;RPS26;RPS17;RPS21;RPS24;RPL11;RPS15;RPS4X;RPS13;FTH1;RPS15A;RPL8;MIF;RPS11;LSM7
neuron_temporal_mid	neuron_v1_early	81	0.2093	EEF1A1;RPL15;RPSA;RPL4;RPL7A;DOK5;RPL3;GNB2L1;NEFM;EEF2;HSPA8;NR2F1;EIF3E;ID2;RUNX1T1;EIF3F;ASAH1;CAMKV;CRYM;TLE4;RPL37A;RPS28;RPL39;RPL37;TMEM161B-AS1;RPL38;RPS12;SCG5;AC090498.1;SSBP2;SOX5;ZFAS1;RPL30;RPL36;PCDH9;VRK1;RPL23;RPL35A;RPS23;RPL31;NFIB;RPL27;RPL35;DYNLL1;HIST1H4C;SSBP3;TSTD1;UQCR10;IGFBP5;ABRACL;CDC42;FAM49A;TCEB2;NTM;RPL17;CDH2;ARL4D;ANAPC16;ROMO1;PALMD;SDCBP;SNRPN;EZR;ARRDC3;PLK2;RPS8;RPS17;RPL36A;RPS21;RPL10;RPL32;SOX11;RPL11;RPS15;RPL12;RPL24;RPS15A;RPL28;RPS7;HNRNPH1;FABP5
neuron_temporal_mid	neuron_pfc_mid	73	0.1886	RPS2;TUBB2A;DSTN;RAC3;FABP7;TTC9B;RPS29;TMSB4X;RPL37A;RPS27;RPS28;RPL39;RPL37;RPL34;RPL38;MT-ND3;RPL21;MAP2;MEG3;AC090498.1;AC004158.3;LMO3;RPL36;CELF4;NDUFA4;BEX2;DYNLL1;PEG10;MEF2C;HMP19;MT-ND4L;UQCRB;HIST1H4C;TOMM7;UBL5;COX7C;NDUFB1;UQCR10;YWHAE;GNAL;DST;IGFBP5;COX6C;NDUFA1;FBXW7;ATP5I;SLIRP;TCEB2;NTM;TMEM258;NDUFA3;RPL17;PET100;SEC61G;EIF2S2;ATP5J2;KHDRBS3;SYT1;PALMD;FSCN1;PGRMC1;SMARCB1;GLTSCR2;PLK2;SCAND1;RPL36A;RPS21;SOX11;RPS15;FTH1;MIF;HNRNPH1;LSM7
neuron_temporal_mid	neuron_temporal_late	70	0.1809	TMEFF2;NR2F1;SOX4;RPS29;RPL37A;RPL39;RPL37;NREP;RPL38;MT-ND3;PDE1A;MAP2;MEG3;AC004158.3;LMO3;GRIA2;PCDH9;CELF4;TCEAL4;BEX2;PEG10;MEF2C;HMP19;MT-ND4L;SEC62;NRXN1;UQCRB;HIST1H4C;UBL5;MORF4L1;COX7C;NDUFB1;NCL;DST;NEGR1;GTF2H5;COX6C;SMARCA2;LUC7L3;NDUFA1;NBEA;ATP5I;SLIRP;DDX24;TMEM258;NDUFA3;CDH2;SSB;DDX18;SEC61G;SHOC2;ZRANB2;SON;SYT1;SCN2A;SCOC;ARHGEF12;GRIN2B;ERC1;ADGRB3;CADM1;VCAN;PGRMC1;IDS;BCL7A;CHD5;R3HDM1;MT-ND2;MT-ND5;MIF
neuron_temporal_mid	neuron_temporal_early	61	0.1576	RPS2;EEF1B2;DOK5;TUBB2A;VIM;RASL11B;LHFP;NEFM;NR2F1;SYBU;NELL2;DSTN;RAC3;CAMK2B;FABP7;EEF1A2;TSPO;SPINT2;RUNX1T1;TTC9B;AP3S1;ASAH1;SNCA;DNER;SLITRK5;CAMKV;RAP2A;TLE4;RPS29;RPL37A;RPL38;SCG5;MEG3;AC004158.3;SSBP2;LMO3;RPL36;PCDH9;RPL27;RPL35;MEF2C;HMP19;SSBP3;DST;GPR22;CTNND2;RIC3;LUC7L3;NBEA;FAM49A;CDH2;ZRANB2;KHDRBS3;GRIN2B;COMMD2;SYT4;CXADR;PLXNA4;RPS21;R3HDM1;RPLP1
neuron_temporal_mid	neuron_msp_early	56	0.1447	RPS2;TUBB2A;NEFM;NR2F1;RAC3;C12orf75;EIF3F;SERPINI1;MEG3;AC090498.1;LMO3;HMGB1;NFIB;ROBO2;BCL11B;MEF2C;TSTD1;SUB1;ATP5I;CDC42;SLIRP;NTM;PET100;SEC61G;TCEAL7;SYT1;SORBS2;HNRNPA0;CADM1;FOS;PLXNA2;FAM57B;SDCBP;TTC28;GADD45G;SMARCB1;ZNF608;EPHA3;EZR;ARRDC3;DNAJB1;TBCC;PHIP;CASC15;BCL7A;SCAND1;ZNF704;SOX11;MT-ND2;FTH1;MIF;HNRNPH1;COMMD6;LSM7;TMEM158;CTNNB1
neuron_temporal_mid	neuron_pfc_early	55	0.1421	RPL7A;TUBB2A;VIM;MRPS6;RPS28;RPL39;MT-ND3;AC090498.1;LMO3;RPL30;HMGB1;FAU;NDUFA4;MT-ND4L;HIST1H4C;UBL5;SUB1;UQCR10;SKP1;EID1;NDUFB4;ATP5I;NDUFA3;OAZ1;NAA38;SEC61G;RPAIN;CNBP;ARL4D;ATP5J2;SPCS1;ANAPC16;FOS;SYT4;GADD45G;PLK2;SCAND1;RPS26;MT-CO2;RPL11;MT-ND4;RPS13;RPS27A;RPL12;MT-CO1;FTH1;RPL8;MT-ND5;MIF;RPS7;PRDX1;C12orf57;FABP5;LSM7;TMEM158
neuron_temporal_mid	neuron_v1_late	52	0.1344	DOK5;NPY;NEFM;NR2F1;FABP7;RUNX1T1;ETFB;RPS29;RPL37A;RPS27;RPS28;RPL39;RPL37;RPL34;NREP;RPL38;MT-ND3;RPS12;RPLP2;AC090498.1;ZFAS1;RPL30;RPL36;PCDH9;RPL23;RPL35A;RPS23;RPL31;RPL27;FAU;RPL22;RPL35;MEF2C;HIST1H4C;TOMM7;COX7C;TSTD1;RPL17;SON;RPS8;RPS26;RPS17;RPL36A;RPS21;SOX11;RPS15;RPS13;RPLP1;RPS15A;RPL28;RPS11;UBA52
neuron_temporal_mid	neuron_pfc_late	32	0.0827	RPS2;EEF1A1;TUBB2A;NELL2;DSTN;RAC3;C12orf75;RUNX1T1;TTC9B;SNCA;MEG3;LMO3;DYNLL1;HMP19;NRXN1;BEX4;SUB1;SKP1;GNAL;FBXW7;COX7A2L;DNAJB6;TMEM14A;SCOC;GRIN2B;PALMD;SYT4;PLK2;KLF7;MT-ND2;FTH1;MIF
neuron_temporal_mid	neuron_temporal_mid_unique	21	0.0543	PCSK2;ARG2;C11orf96;RP11-286B14.1;TENM3;CDH13;PDZD2;EPHA7;ARL17A;TCEAL1;C16orf87;TCF12;SF3A2;SLC35B4;C1orf216;HERC1;EXOC4;CCNB1IP1;ADAR;EZH2;HIF1A
neuron_v1_early	neuron_v1_early_all	199	1	RPS14;RPL41;RPL15;RPL3;AC090498.1;RPL7;H3F3B;RPL10;NR2F1;H1F0;RPL39;SAR1A;HNRNPH1;BLOC1S1;IGFBP5;PPP1CB;INSR;SET;RPL36A;DYNLL1;MLLT11;RUNX1T1;RPS10;ID2;EEF2;UQCR10;EIF4G2;PPP3CA;MARCH6;PLK2;EIF3E;COA3;UQCRHL;NDUFA13;RAB3A;RPP21;RPL17;WTAP;ABRACL;BNIP3L;ZNF462;SRSF6;ATP6V1G2;PAFAH1B2;SCG5;GFY;ARRDC3;CDC42;HSPA8;TCEB2;VRK1;GNG3;PTPRS;MYL6;FGF12;NDUFB2;PHPT1;SNRPN;ROMO1;SOX11;SNAP25;WRB;GDI1;UBE2D3;SRP9;CRIP2;NBEAL1;NME1;TSTD1;SELT;EWSR1;ANAPC16;FAM49A;PIN1;AP1S1;USP11;PPP2R2B;BCL11A;MSRA;TCF4;DOK6;NFIX;DDAH2;NFIA;SDCBP;SAT2;FABP5;RASD1;HSPA1A;SNHG7;HSPA1B;TMEM206;DUSP1;PALMD;INSM1;PTCHD2;NNAT;ARL4C;SNCB;DDIT4;EZR;MTRNR2L12;ARL4D;RPL13;RPS8;RPL13A;RPS15A;RPS18;RPL37A;RPL26;EEF1A1;RPS15;RPL32;RPL11;RPL12;NTM;RPS12;RPL36;RPS6;RPL4;RPL10A;RPS5;RPS21;GNB2L1;RPL37;RPL18A;RPL18;CRYM;RPL38;RPS3;RPL35A;RPL28;RPS17;NEFM;RPL31;RPL5;RPS28;RPL9;RPS23;RPS7;TLE4;AKT3;RPL29;RPL7A;RPS16;PCDH9;NFIB;RPL24;RPS20;RPL35;RPS9;RPL23;TMEM161B-AS1;RPL30;ZBTB18;ZFAS1;RPLP0;NACA;WASF1;RPL27;RPSA;AFF3;RPL14;PTPN2;SOBP;CALM1;GADD45GIP1;MTDH;ADCY1;FOXG1;C6orf48;SNHG8;CHD3;SSTR2;DYNC1I1;SEPT11;RDX;C19orf60;TPT1;C5orf24;DOK5;CDH2;PAK7;SSBP2;HIST1H4C;ASAH1;CKB;NEUROD2;SOX5;MT-ND1;NCAM1;PTN;EIF3F;PTPRZ1;DDX21;CAMKV;NMT2;SSBP3;CELF1
neuron_v1_early	neuron_v1_early_shared	197	0.9899	
neuron_v1_early	neuron_msp_mid	95	0.4774	RPL41;AC090498.1;NR2F1;RPL39;RPL36A;MLLT11;RUNX1T1;RPS10;ID2;EEF2;UQCR10;EIF4G2;PLK2;UQCRHL;NDUFA13;RAB3A;RPL17;ABRACL;BNIP3L;ATP6V1G2;SCG5;HSPA8;VRK1;FGF12;NDUFB2;SNRPN;ROMO1;SOX11;SNAP25;FAM49A;NFIX;NFIA;SDCBP;HSPA1A;DUSP1;PALMD;INSM1;NNAT;ARL4C;EZR;MTRNR2L12;RPS8;RPS15A;RPL37A;EEF1A1;NTM;RPS12;RPL36;RPL4;RPS21;RPL37;CRYM;RPL38;RPL35A;NEFM;RPL31;RPS28;RPS23;TLE4;AKT3;PCDH9;NFIB;RPS20;RPL35;RPL23;TMEM161B-AS1;RPL30;ZBTB18;ZFAS1;RPL27;AFF3;SOBP;GADD45GIP1;MTDH;ADCY1;SNHG8;CHD3;SSTR2;C19orf60;TPT1;DOK5;PAK7;SSBP2;HIST1H4C;CKB;NEUROD2;SOX5;NCAM1;PTN;EIF3F;PTPRZ1;DDX21;NMT2;SSBP3;CELF1
neuron_v1_early	neuron_v1_mid	89	0.4472	RPS14;RPL41;RPL3;AC090498.1;RPL7;H3F3B;NR2F1;H1F0;RPL39;RUNX1T1;RPS10;ID2;EEF2;PLK2;UQCRHL;RPL17;WTAP;HSPA8;FGF12;NBEAL1;TSTD1;FAM49A;PPP2R2B;BCL11A;MSRA;TCF4;NFIX;DDAH2;SDCBP;RASD1;HSPA1A;HSPA1B;TMEM206;DUSP1;INSM1;ARL4C;SNCB;EZR;RPL13;RPS8;RPL13A;RPS15A;EEF1A1;RPS15;RPL11;NTM;RPS12;RPL36;RPL4;RPS21;GNB2L1;RPL37;RPL35A;RPS17;NEFM;RPS28;RPS23;PCDH9;RPS20;RPS9;RPL23;TMEM161B-AS1;RPL30;ZBTB18;RPLP0;WASF1;RPL27;AFF3;PTPN2;SOBP;GADD45GIP1;ADCY1;FOXG1;C6orf48;SNHG8;CHD3;SSTR2;SEPT11;RDX;C19orf60;DOK5;PAK7;HIST1H4C;ASAH1;CKB;NEUROD2;PTN;EIF3F;CAMKV
neuron_v1_early	neuron_msp_late	84	0.4221	RPS14;RPL41;RPL3;AC090498.1;RPL7;RPL39;HNRNPH1;SET;RPL36A;RPS10;ID2;UQCR10;PPP3CA;EIF3E;NDUFA13;RPL17;TCEB2;PTPRS;NDUFB2;ROMO1;SOX11;NBEAL1;TSTD1;PIN1;PPP2R2B;BCL11A;TCF4;NFIX;NFIA;HSPA1A;PALMD;NNAT;ARL4C;EZR;RPS8;RPS15A;RPS18;RPL37A;RPL26;EEF1A1;RPS15;RPL32;RPL12;NTM;RPS12;RPL36;RPS21;RPL37;RPL38;RPL35A;RPL28;RPS17;NEFM;RPL31;RPS28;RPS23;TLE4;RPS16;NFIB;RPL24;RPS20;RPL35;RPL23;TMEM161B-AS1;RPL30;ZBTB18;ZFAS1;RPL27;AFF3;SOBP;FOXG1;CHD3;SSTR2;SEPT11;DOK5;PAK7;HIST1H4C;NEUROD2;SOX5;MT-ND1;NCAM1;PTN;PTPRZ1;CELF1
neuron_v1_early	neuron_temporal_mid	81	0.407	RPL15;RPL3;AC090498.1;RPL10;NR2F1;RPL39;HNRNPH1;IGFBP5;RPL36A;DYNLL1;RUNX1T1;ID2;EEF2;UQCR10;PLK2;EIF3E;RPL17;ABRACL;SCG5;ARRDC3;CDC42;HSPA8;TCEB2;VRK1;SNRPN;ROMO1;SOX11;TSTD1;ANAPC16;FAM49A;SDCBP;FABP5;PALMD;EZR;ARL4D;RPS8;RPS15A;RPL37A;EEF1A1;RPS15;RPL32;RPL11;RPL12;NTM;RPS12;RPL36;RPL4;RPS21;GNB2L1;RPL37;CRYM;RPL38;RPL35A;RPL28;RPS17;NEFM;RPL31;RPS28;RPS23;RPS7;TLE4;RPL7A;PCDH9;NFIB;RPL24;RPL35;RPL23;TMEM161B-AS1;RPL30;ZFAS1;RPL27;RPSA;DOK5;CDH2;SSBP2;HIST1H4C;ASAH1;SOX5;EIF3F;CAMKV;SSBP3
neuron_v1_early	neuron_msp_early	58	0.2915	AC090498.1;H3F3B;NR2F1;SAR1A;HNRNPH1;PPP1CB;INSR;SET;EIF4G2;PPP3CA;MARCH6;NDUFA13;RPP21;WTAP;ZNF462;SRSF6;PAFAH1B2;ARRDC3;CDC42;PTPRS;PHPT1;SOX11;SNAP25;GDI1;TSTD1;BCL11A;TCF4;NFIX;NFIA;SDCBP;HSPA1A;HSPA1B;DUSP1;INSM1;PTCHD2;NNAT;ARL4C;DDIT4;EZR;MTRNR2L12;RPL13;NTM;NEFM;AKT3;NFIB;WASF1;AFF3;CALM1;GADD45GIP1;MTDH;FOXG1;DYNC1I1;SEPT11;C5orf24;CKB;MT-ND1;EIF3F;PTPRZ1
neuron_v1_early	neuron_v1_late	46	0.2312	RPL41;AC090498.1;NR2F1;RPL39;RPL36A;RUNX1T1;RPS10;RPL17;SOX11;TSTD1;BCL11A;MSRA;TCF4;NFIX;HSPA1A;RPS8;RPS15A;RPL37A;RPL26;RPS15;RPS12;RPL36;RPS21;RPL37;RPL38;RPL35A;RPL28;RPS17;NEFM;RPL31;RPS28;RPS23;RPS16;PCDH9;RPS20;RPL35;RPL23;RPL30;ZBTB18;ZFAS1;RPL27;PTPN2;DOK5;PAK7;HIST1H4C;PTN
neuron_v1_early	neuron_pfc_mid	46	0.2312	RPL41;AC090498.1;RPL39;HNRNPH1;IGFBP5;SET;RPL36A;DYNLL1;RPS10;UQCR10;PLK2;COA3;NDUFA13;RPL17;SRSF6;TCEB2;FGF12;PHPT1;SOX11;SNAP25;CRIP2;AP1S1;BCL11A;NFIA;HSPA1A;SNHG7;DUSP1;PALMD;NNAT;RPL37A;RPS15;NTM;RPL36;RPS21;RPL37;RPL38;RPS28;ZBTB18;CALM1;GADD45GIP1;MTDH;DYNC1I1;C19orf60;HIST1H4C;CKB;PTPRZ1
neuron_v1_early	neuron_temporal_early	28	0.1407	NR2F1;RUNX1T1;SCG5;PHPT1;NME1;FAM49A;RPS18;RPL37A;RPL26;RPL36;RPS21;RPL38;NEFM;TLE4;PCDH9;RPL35;WASF1;RPL27;SOBP;CALM1;ADCY1;DOK5;CDH2;SSBP2;ASAH1;NCAM1;CAMKV;SSBP3
neuron_v1_early	neuron_pfc_early	27	0.1357	AC090498.1;H3F3B;RPL39;MLLT11;UQCR10;PLK2;COA3;MYL6;NDUFB2;SNAP25;SRP9;ANAPC16;NFIA;FABP5;NNAT;ARL4D;RPL11;RPL12;RPL5;RPS28;RPS7;RPL7A;RPL30;NACA;GADD45GIP1;HIST1H4C;PTN
neuron_v1_early	neuron_pfc_late	21	0.1055	DYNLL1;MLLT11;RUNX1T1;PLK2;COA3;GNG3;FGF12;SNAP25;WRB;SRP9;CRIP2;PIN1;AP1S1;NFIA;PALMD;NNAT;RPL13;EEF1A1;CALM1;MT-ND1;NCAM1
neuron_v1_early	neuron_temporal_late	19	0.0955	NR2F1;RPL39;SET;SNAP25;TCF4;NNAT;RPL37A;RPL37;RPL38;AKT3;PCDH9;SOBP;CALM1;CDH2;HIST1H4C;MT-ND1;NCAM1;PTN;PTPRZ1
neuron_v1_early	neuron_v1_early_unique	2	0.0101	GFY;USP11
neuron_v1_late	neuron_v1_late_shared	75	1	
neuron_v1_late	neuron_v1_late_all	75	1	RPL37A;RPLP2;RPL38;RPL34;RPS15A;RPL35A;RPL41;RPS28;RPS27;RPL39;RPL37;RPL36;NPY;MT-ND3;RPS26;RPL26;RPS8;RPLP1;RPL30;RPS10;RPS17;AC090498.1;RPS29;RPS12;RPL28;RPS15;RPS23;RPL31;RPL23;RPL27;ZBTB18;RPL35;RPS21;RPL27A;RPL23A;HIST1H4C;PTMA;RPS16;ETFB;RPS13;MEF2C;FAU;HPCA;COX7C;RPS20;RPL22;FABP7;RPS11;UBA52;RPL17;TSTD1;PTN;BCL11A;TOMM7;NR2F1;PTPN2;NREP;RPL36A;SON;TCF4;NEFM;ZFAS1;TSC22D1;BHLHE22;RUNX1T1;MSRA;HSPA1A;SOX11;PAK7;DOK5;NFIX;PTPRD;LINC00461;PCDH9;NME2
neuron_v1_late	neuron_msp_late	65	0.8667	RPL37A;RPLP2;RPL38;RPL34;RPS15A;RPL35A;RPL41;RPS28;RPS27;RPL39;RPL37;RPL36;MT-ND3;RPS26;RPL26;RPS8;RPLP1;RPL30;RPS10;RPS17;AC090498.1;RPS29;RPS12;RPL28;RPS15;RPS23;RPL31;RPL23;RPL27;ZBTB18;RPL35;RPS21;RPL27A;RPL23A;HIST1H4C;PTMA;RPS16;ETFB;RPS13;MEF2C;FAU;COX7C;RPS20;FABP7;RPS11;UBA52;RPL17;TSTD1;PTN;BCL11A;TOMM7;NREP;RPL36A;SON;TCF4;NEFM;ZFAS1;BHLHE22;HSPA1A;SOX11;PAK7;DOK5;NFIX;PTPRD;NME2
neuron_v1_late	neuron_v1_mid	58	0.7733	RPL34;RPS15A;RPL35A;RPL41;RPS28;RPS27;RPL39;RPL37;RPL36;NPY;MT-ND3;RPS26;RPS8;RPL30;RPS10;RPS17;AC090498.1;RPS12;RPS15;RPS23;RPL23;RPL27;ZBTB18;RPS21;HIST1H4C;PTMA;ETFB;RPS13;MEF2C;FAU;HPCA;RPS20;RPL22;FABP7;RPS11;RPL17;TSTD1;PTN;BCL11A;TOMM7;NR2F1;PTPN2;NREP;SON;TCF4;NEFM;TSC22D1;BHLHE22;RUNX1T1;MSRA;HSPA1A;PAK7;DOK5;NFIX;PTPRD;LINC00461;PCDH9;NME2
neuron_v1_late	neuron_msp_mid	54	0.72	RPL37A;RPLP2;RPL38;RPL34;RPS15A;RPL35A;RPL41;RPS28;RPS27;RPL39;RPL37;RPL36;NPY;MT-ND3;RPS26;RPS8;RPL30;RPS10;AC090498.1;RPS29;RPS12;RPS23;RPL31;RPL23;RPL27;ZBTB18;RPL35;RPS21;HIST1H4C;ETFB;MEF2C;FAU;COX7C;RPS20;RPL22;RPL17;PTN;TOMM7;NR2F1;NREP;RPL36A;SON;NEFM;ZFAS1;TSC22D1;BHLHE22;RUNX1T1;HSPA1A;SOX11;PAK7;DOK5;NFIX;PTPRD;PCDH9
neuron_v1_late	neuron_temporal_mid	52	0.6933	RPL37A;RPLP2;RPL38;RPL34;RPS15A;RPL35A;RPS28;RPS27;RPL39;RPL37;RPL36;NPY;MT-ND3;RPS26;RPS8;RPLP1;RPL30;RPS17;AC090498.1;RPS29;RPS12;RPL28;RPS15;RPS23;RPL31;RPL23;RPL27;RPL35;RPS21;HIST1H4C;ETFB;RPS13;MEF2C;FAU;COX7C;RPL22;FABP7;RPS11;UBA52;RPL17;TSTD1;TOMM7;NR2F1;NREP;RPL36A;SON;NEFM;ZFAS1;RUNX1T1;SOX11;DOK5;PCDH9
neuron_v1_late	neuron_v1_early	46	0.6133	RPL37A;RPL38;RPS15A;RPL35A;RPL41;RPS28;RPL39;RPL37;RPL36;RPL26;RPS8;RPL30;RPS10;RPS17;AC090498.1;RPS12;RPL28;RPS15;RPS23;RPL31;RPL23;RPL27;ZBTB18;RPL35;RPS21;HIST1H4C;RPS16;RPS20;RPL17;TSTD1;PTN;BCL11A;NR2F1;PTPN2;RPL36A;TCF4;NEFM;ZFAS1;RUNX1T1;MSRA;HSPA1A;SOX11;PAK7;DOK5;NFIX;PCDH9
neuron_v1_late	neuron_pfc_mid	28	0.3733	RPL37A;RPL38;RPL34;RPL41;RPS28;RPS27;RPL39;RPL37;RPL36;MT-ND3;RPS10;AC090498.1;RPS29;RPS15;ZBTB18;RPS21;RPL23A;HIST1H4C;MEF2C;COX7C;FABP7;RPL17;BCL11A;TOMM7;RPL36A;BHLHE22;HSPA1A;SOX11
neuron_v1_late	neuron_temporal_late	17	0.2267	RPL37A;RPL38;RPL39;RPL37;MT-ND3;RPS29;HIST1H4C;MEF2C;COX7C;PTN;NR2F1;NREP;SON;TCF4;BHLHE22;PTPRD;PCDH9
neuron_v1_late	neuron_temporal_early	16	0.2133	RPL37A;RPL38;RPL36;RPL26;RPLP1;RPS29;RPL27;RPL35;RPS21;MEF2C;FABP7;NR2F1;NEFM;RUNX1T1;DOK5;PCDH9
neuron_v1_late	neuron_msp_early	12	0.16	AC090498.1;MEF2C;TSTD1;BCL11A;NR2F1;TCF4;NEFM;TSC22D1;BHLHE22;HSPA1A;SOX11;NFIX
neuron_v1_late	neuron_pfc_early	11	0.1467	RPS28;RPL39;MT-ND3;RPS26;RPL30;AC090498.1;HIST1H4C;PTMA;RPS13;FAU;PTN
neuron_v1_late	neuron_pfc_late	1	0.0133	RUNX1T1
neuron_v1_late	neuron_v1_late_unique	0	0	
neuron_v1_mid	neuron_v1_mid_all	347	1	RPS26;RPL34;RPS28;RPL39;RPS21;HBG2;MALAT1;RPL30;TRIB2;RPL37;HIST1H1D;RPS27;RPS15A;RPL22;RPS13;ANP32E;RPS24;PTMA;MT-ND3;WTAP;PLK2;RPL23;CRNKL1;RPL41;RPL36;HNRNPDL;SOX4;H3F3B;GPR82;HIST1H1E;EMC2;RPS8;SON;INSM1;FAU;DBF4;PRKRIP1;RPL35A;JUND;ATP5S;RPS12;HIST1H4C;SHFM1;YTHDC1;HIST1H1C;RPS23;RPL11;RPS20;RPS2;EEF1A1;CKB;RUNX1T1;TCF4;NFIX;TENM2;CCNI;DOK5;ID2;NR2F1;MPP6;NEFM;LMO4;EEF2;ETFB;ACTG1;NEFL;FABP7;FTH1;HPCA;PGLS;EPHA4;PTPN2;MSRA;RPL13;TSTD1;LINC00461;C19orf43;CSAD;SPINT2;UQCRFS1;PPFIBP1;CSNK1A1;BCL7A;GNG5;DEK;CLTA;COX5A;LPL;PDE4DIP;FAM171B;ADCY1;PAK2;NCOR1;LY6H;GADD45GIP1;GABRA2;C19orf60;GTF3A;CAMK4;FRMD3;EPHA5;TMEM206;CAMK2B;PABPC1;PCDH9;MKRN1;MEF2C;FRMD4B;SEZ6L;TSPAN18;NAP1L3;FOXG1;CTNNA2;LHX2;MRPS34;CCDC112;AKAP7;BHLHE22;SECISBP2;PTN;EIF3F;LINC01122;FEZ1;ITM2B;TENM4;CHMP2B;DALRD3;NCKAP5;VIM;KIF5B;SNRNP70;MRPL41;HMGN1;SERP2;OSBPL8;ASAH1;EIF4B;THRA;SRSF2;SEPT11;RDX;EZR;BCL11A;ITSN1;SSX2IP;PTDSS1;SMARCB1;SMARCA4;CAMKV;FXR1;CHL1;VPS51;RRAGA;AKIRIN2;AKAP12;TMEM57;UBE2D1;CHD3;CAMK2G;PLXNA2;FOXP1;SPTBN1;WASF1;H1F0;C1QTNF4;ARPC2;FAM110B;ARFGEF3;SNX7;PFN1;LGALS8;HSPA8;ATP1B1;RPS15;MIF;ZBTB18;NME2;ARGLU1;LSM7;NDUFB11;RPL27;RPL17;PPDPF;CEP126;C9orf16;COX5B;MRPS24;RABAC1;UQCRB;TOMM7;PAM16;ARPP21;UQCR11;RSBN1L;SEC61B;AC090498.1;SNRPF;MYEOV2;DDT;SVBP;NDUFS6;PAK7;SQLE;SOBP;C11orf31;TIAM2;NCALD;RSBN1;KLHL23;C6orf48;SRRM4;TMEM258;HP1BP3;SLC8A1;PRKDC;RNF182;STX6;MT-ATP8;TCTEX1D2;TOP1;UXT;GABARAP;NDUFC2;NDUFB7;AP1AR;ATXN1;GUCY1A2;BCAP29;CACNB4;SYNRG;CDK11B;LINC00493;ANKS1B;UQCRHL;NDUFS7;CUX1;NRXN2;RNF19A;CDKL5;FAM19A1;UPF3A;VGLL4;SCAND1;SNHG8;DENR;NBEAL1;GADD45G;NREP;LIMCH1;HNRNPA1;TSC22D1;NEUROD2;NPY;MT-CO3;RPS10;BTG1;HSPA1A;GNB2L1;POLR2J3;NTM;EIF4A2;JMJD1C;PNISR;SYNE2;HSPA1B;BZW2;SATB2;NPM1;TMOD1;SNCB;GRIA2;RPLP0;KHDRBS1;CCND2;HNRNPF;NKTR;PHF14;GLTSCR2;DLG2;SSTR2;LINC01551;JUN;IER2;FAT3;PTPRD;LUC7L3;TTC9B;MEX3B;PCDH11X;RPL13A;RPS14;RPL19;RPL7;RPS4X;RPL3;RPS17;RPS9;RPL8;RPS11;DDAH2;TMEM161B-AS1;SDCBP;HES6;KLHL35;SAT1;RASL10A;KCNK12;RPL4;OLFM2;UBC;CELF2;POU3F1;NTRK3;ATP1A1;ADGRB2;MYCN;IER5;LINGO1;UCHL1;AFF3;EMX1;FAM57B;STMN4;FGF12;FAM49A;EPHB1;APLP1;NCK2;MGLL;PNMA1;TMEM108;SLC17A7;IGSF21;PRSS12;MAPK8;JPH4;ARL4C;PPP2R2B;DACT1;DUSP1;FXYD7;KLF6;LRRN3;IER5L;SYBU;RASD1;RSPO3
neuron_v1_mid	neuron_v1_mid_shared	315	0.9078	
neuron_v1_mid	neuron_msp_mid	178	0.513	RPS26;RPL34;RPS28;RPL39;RPS21;MALAT1;RPL30;RPL37;HIST1H1D;RPS27;RPS15A;RPL22;MT-ND3;PLK2;RPL23;CRNKL1;RPL41;RPL36;SOX4;HIST1H1E;RPS8;SON;INSM1;FAU;RPL35A;RPS12;HIST1H4C;YTHDC1;RPS23;RPS20;RPS2;EEF1A1;CKB;RUNX1T1;NFIX;CCNI;DOK5;ID2;NR2F1;MPP6;NEFM;LMO4;EEF2;ETFB;ACTG1;NEFL;FTH1;PGLS;C19orf43;SPINT2;UQCRFS1;BCL7A;CLTA;LPL;ADCY1;PAK2;NCOR1;LY6H;GADD45GIP1;C19orf60;GTF3A;CAMK4;CAMK2B;PCDH9;MEF2C;FRMD4B;LHX2;MRPS34;AKAP7;BHLHE22;PTN;EIF3F;ITM2B;NCKAP5;VIM;SNRNP70;HMGN1;SERP2;EIF4B;THRA;SRSF2;EZR;SMARCA4;FXR1;CHL1;RRAGA;AKIRIN2;CHD3;FOXP1;SPTBN1;ARPC2;SNX7;HSPA8;MIF;ZBTB18;ARGLU1;RPL27;RPL17;PPDPF;CEP126;C9orf16;RABAC1;UQCRB;TOMM7;ARPP21;UQCR11;AC090498.1;MYEOV2;PAK7;SQLE;SOBP;KLHL23;SRRM4;TMEM258;HP1BP3;SLC8A1;PRKDC;RNF182;MT-ATP8;GABARAP;GUCY1A2;SYNRG;ANKS1B;UQCRHL;NDUFS7;CUX1;RNF19A;VGLL4;SCAND1;SNHG8;GADD45G;NREP;LIMCH1;TSC22D1;NEUROD2;NPY;MT-CO3;RPS10;BTG1;HSPA1A;NTM;JMJD1C;PNISR;SYNE2;SATB2;TMOD1;GRIA2;NKTR;PHF14;GLTSCR2;SSTR2;JUN;PTPRD;LUC7L3;TTC9B;PCDH11X;RPL8;TMEM161B-AS1;SDCBP;HES6;KLHL35;SAT1;RPL4;UCHL1;AFF3;FAM57B;FGF12;FAM49A;EPHB1;APLP1;MGLL;PRSS12;ARL4C;DACT1;DUSP1;KLF6;SYBU;RSPO3
neuron_v1_mid	neuron_msp_late	117	0.3372	RPS26;RPL34;RPS28;RPL39;RPS21;MALAT1;RPL30;RPL37;RPS27;RPS15A;RPS13;RPS24;PTMA;MT-ND3;RPL23;RPL41;RPL36;SOX4;RPS8;SON;FAU;RPL35A;RPS12;HIST1H4C;YTHDC1;RPS23;RPS20;EEF1A1;TCF4;NFIX;CCNI;DOK5;ID2;NEFM;ETFB;NEFL;FABP7;TSTD1;BCL7A;DEK;PAK2;EPHA5;MEF2C;FRMD4B;FOXG1;CCDC112;BHLHE22;PTN;LINC01122;OSBPL8;EIF4B;SEPT11;EZR;BCL11A;ITSN1;FXR1;CHL1;CHD3;PLXNA2;RPS15;MIF;ZBTB18;NME2;ARGLU1;LSM7;RPL27;RPL17;PPDPF;UQCRB;TOMM7;UQCR11;AC090498.1;SNRPF;MYEOV2;PAK7;SOBP;KLHL23;TMEM258;HP1BP3;PRKDC;RNF182;MT-ATP8;NDUFC2;CUX1;NBEAL1;NREP;LIMCH1;NEUROD2;RPS10;BTG1;HSPA1A;POLR2J3;NTM;PNISR;SYNE2;KHDRBS1;CCND2;PHF14;SSTR2;PTPRD;LUC7L3;RPS14;RPL7;RPL3;RPS17;RPS11;TMEM161B-AS1;HES6;KLHL35;SAT1;RASL10A;AFF3;PRSS12;JPH4;ARL4C;PPP2R2B;DACT1
neuron_v1_mid	neuron_temporal_mid	98	0.2824	RPS26;RPL34;RPS28;RPL39;RPS21;RPL30;RPL37;RPS27;RPS15A;RPL22;RPS13;RPS24;MT-ND3;PLK2;RPL23;RPL36;SOX4;RPS8;SON;FAU;RPL35A;RPS12;HIST1H4C;RPS23;RPL11;RPS2;EEF1A1;RUNX1T1;DOK5;ID2;NR2F1;NEFM;EEF2;ETFB;ACTG1;NEFL;FABP7;FTH1;TSTD1;SPINT2;BCL7A;LPL;PDE4DIP;CAMK4;CAMK2B;PCDH9;MEF2C;LHX2;EIF3F;TENM4;VIM;SNRNP70;ASAH1;EZR;SMARCB1;CAMKV;AKIRIN2;PLXNA2;FOXP1;SNX7;HSPA8;RPS15;MIF;LSM7;RPL27;RPL17;UQCRB;TOMM7;AC090498.1;TMEM258;ANKS1B;FAM19A1;SCAND1;GADD45G;NREP;NPY;GNB2L1;NTM;EIF4A2;SYNE2;GRIA2;GLTSCR2;LUC7L3;TTC9B;RPS4X;RPL3;RPS17;RPL8;RPS11;TMEM161B-AS1;SDCBP;RPL4;FAM57B;FAM49A;EPHB1;MGLL;IGSF21;SYBU
neuron_v1_mid	neuron_v1_early	89	0.2565	RPS28;RPL39;RPS21;RPL30;RPL37;RPS15A;WTAP;PLK2;RPL23;RPL41;RPL36;H3F3B;RPS8;INSM1;RPL35A;RPS12;HIST1H4C;RPS23;RPL11;RPS20;EEF1A1;CKB;RUNX1T1;TCF4;NFIX;DOK5;ID2;NR2F1;NEFM;EEF2;PTPN2;MSRA;RPL13;TSTD1;ADCY1;GADD45GIP1;C19orf60;TMEM206;PCDH9;FOXG1;PTN;EIF3F;ASAH1;SEPT11;RDX;EZR;BCL11A;CAMKV;CHD3;WASF1;H1F0;HSPA8;RPS15;ZBTB18;RPL27;RPL17;AC090498.1;PAK7;SOBP;C6orf48;UQCRHL;SNHG8;NBEAL1;NEUROD2;RPS10;HSPA1A;GNB2L1;NTM;HSPA1B;SNCB;RPLP0;SSTR2;RPL13A;RPS14;RPL7;RPL3;RPS17;RPS9;DDAH2;TMEM161B-AS1;SDCBP;RPL4;AFF3;FGF12;FAM49A;ARL4C;PPP2R2B;DUSP1;RASD1
neuron_v1_mid	neuron_msp_early	84	0.2421	WTAP;H3F3B;INSM1;JUND;YTHDC1;RPS2;CKB;TCF4;NFIX;CCNI;NR2F1;NEFM;LMO4;FTH1;RPL13;TSTD1;C19orf43;CSAD;UQCRFS1;BCL7A;CLTA;COX5A;PAK2;LY6H;GADD45GIP1;EPHA5;PABPC1;MEF2C;FOXG1;CCDC112;BHLHE22;EIF3F;FEZ1;ITM2B;MRPL41;HMGN1;SRSF2;SEPT11;EZR;BCL11A;SMARCB1;SMARCA4;UBE2D1;PLXNA2;WASF1;ARPC2;PFN1;MIF;ARGLU1;LSM7;PPDPF;ARPP21;UQCR11;AC090498.1;SQLE;HP1BP3;SCAND1;GADD45G;LIMCH1;TSC22D1;BTG1;HSPA1A;NTM;JMJD1C;PNISR;HSPA1B;SATB2;CCND2;NKTR;LINC01551;JUN;IER2;SDCBP;HES6;KLHL35;SAT1;UBC;POU3F1;IER5;AFF3;FAM57B;ARL4C;DUSP1;KLF6
neuron_v1_mid	neuron_pfc_mid	81	0.2334	RPL34;RPS28;RPL39;RPS21;HBG2;RPL37;RPS27;MT-ND3;PLK2;RPL41;RPL36;HIST1H4C;SHFM1;RPS2;CKB;CCNI;LMO4;FABP7;FTH1;PGLS;UQCRFS1;CLTA;COX5A;PAK2;NCOR1;LY6H;GADD45GIP1;C19orf60;GTF3A;MEF2C;MRPS34;AKAP7;BHLHE22;FEZ1;ITM2B;MRPL41;HMGN1;SERP2;THRA;SRSF2;BCL11A;SMARCB1;CHL1;RRAGA;UBE2D1;SPTBN1;PFN1;ATP1B1;RPS15;MIF;ZBTB18;LSM7;RPL17;PPDPF;COX5B;UQCRB;TOMM7;UQCR11;AC090498.1;MYEOV2;TMEM258;SCAND1;LIMCH1;RPS10;BTG1;HSPA1A;NTM;KHDRBS1;GLTSCR2;JUN;IER2;TTC9B;HES6;RASL10A;OLFM2;UCHL1;FGF12;APLP1;PNMA1;DUSP1;RSPO3
neuron_v1_mid	neuron_v1_late	58	0.1671	RPS26;RPL34;RPS28;RPL39;RPS21;RPL30;RPL37;RPS27;RPS15A;RPL22;RPS13;PTMA;MT-ND3;RPL23;RPL41;RPL36;RPS8;SON;FAU;RPL35A;RPS12;HIST1H4C;RPS23;RPS20;RUNX1T1;TCF4;NFIX;DOK5;NR2F1;NEFM;ETFB;FABP7;HPCA;PTPN2;MSRA;TSTD1;LINC00461;PCDH9;MEF2C;BHLHE22;PTN;BCL11A;RPS15;ZBTB18;NME2;RPL27;RPL17;TOMM7;AC090498.1;PAK7;NREP;TSC22D1;NPY;RPS10;HSPA1A;PTPRD;RPS17;RPS11
neuron_v1_mid	neuron_temporal_early	42	0.121	RPS21;RPL36;RPS2;RUNX1T1;DOK5;NR2F1;NEFM;FABP7;CSAD;SPINT2;ADCY1;LY6H;CAMK2B;PCDH9;MEF2C;VIM;ASAH1;THRA;CAMKV;CHL1;SPTBN1;WASF1;C1QTNF4;RPL27;ARPP21;SOBP;TCTEX1D2;BCAP29;NRXN2;SATB2;DLG2;FAT3;LUC7L3;TTC9B;CELF2;NTRK3;UCHL1;STMN4;FAM49A;TMEM108;DACT1;SYBU
neuron_v1_mid	neuron_temporal_late	38	0.1095	RPL39;MALAT1;RPL37;MT-ND3;SOX4;SON;HIST1H4C;TCF4;NR2F1;LMO4;BCL7A;DEK;PCDH9;MEF2C;NAP1L3;CCDC112;BHLHE22;PTN;OSBPL8;THRA;CHL1;SPTBN1;MIF;ARGLU1;UQCRB;ARPP21;SOBP;TMEM258;HP1BP3;SLC8A1;NRXN2;NREP;GRIA2;PTPRD;LUC7L3;CELF2;JPH4;LRRN3
neuron_v1_mid	neuron_pfc_early	38	0.1095	RPS26;RPS28;RPL39;RPL30;RPS13;PTMA;MT-ND3;PLK2;HNRNPDL;H3F3B;FAU;HIST1H4C;SHFM1;RPL11;FTH1;PGLS;GNG5;COX5A;GADD45GIP1;MRPS34;PTN;VIM;HMGN1;PFN1;MIF;LSM7;NDUFB11;SEC61B;AC090498.1;SNRPF;DDT;NDUFS6;C11orf31;NDUFC2;SCAND1;GADD45G;NPM1;RPL8
neuron_v1_mid	neuron_v1_mid_unique	32	0.0922	TRIB2;ANP32E;GPR82;EMC2;DBF4;PRKRIP1;ATP5S;EPHA4;PPFIBP1;FRMD3;TSPAN18;CTNNA2;CHMP2B;SSX2IP;PTDSS1;ARFGEF3;LGALS8;RSBN1L;NCALD;STX6;AP1AR;ATXN1;CACNB4;CDK11B;CDKL5;DENR;MEX3B;KCNK12;ATP1A1;MYCN;NCK2;IER5L
neuron_v1_mid	neuron_pfc_late	30	0.0865	PLK2;RPS2;EEF1A1;RUNX1T1;LMO4;FTH1;RPL13;C19orf43;LY6H;PABPC1;FRMD4B;AKAP7;ARPC2;PFN1;MIF;ARGLU1;PPDPF;C9orf16;ARPP21;SQLE;HP1BP3;TOP1;LIMCH1;PHF14;TTC9B;UCHL1;STMN4;FGF12;FXYD7;KLF6
