group	group_markers_n	tf_genes	tf_genes_n	tf_genes_frac	tf_cofactor_genes	tf_cofactor_genes_n	tf_cofactor_genes_frac	expression_go_genes	expression_go_genes_n	expression_go_genes_frac
ipc_msp_early_all	155	BAZ2B;CSRNP2;FOS;HES1;HES6;JUN;NCOR1;NR2F1;POU3F2;SETBP1;SOX4;SOX5;YBX1;ZHX2;AFF3;BHLHE22	16	0.1	ANP32B;ARGLU1;BTG1;C1QBP;HNRNPD;KAT6B;KDM5B;MLLT3;MTDH;POLR3C;SCAND1;SF1;SMARCA4;SMARCB1;SMARCD1;SRSF2;TERF2IP;TOP1;WWTR1;DDX17;BASP1	21	0.14	AKAP8L;AKIRIN2;CSRNP2;FOS;HES1;IER2;JUN;KAT6B;LMO4;NR2F1;PARP1;PFN1;POU3F2;SMARCA4;SMARCB1;SOX4;SOX5;WWTR1;YBX1;BHLHE22;BTG1;HES6;HNRNPD;MLLT3;PPP2CA;SCAND1;TERF2IP;BAZ2B;HMGN1;KDM5B;MTDH;SMARCD1;ZHX2;C1QBP;NCOR1;UBE2D1;BASP1;ILF3;YWHAQ;MAP2K1;SF1;SRSF2;QKI;RAB3GAP1;RDX;VIM;MIF;NDFIP1;AFF3;PCBP2;PPP1CC;TOP1;POLR3C;MAT2B;LRP8;YTHDC1;IVNS1ABP	57	0.37
ipc_msp_late_all	45	HES6;NR2F1;SOX4;NEUROD6;BCL11A;BHLHE22	6	0.13	ACTB;HSPA1B;SUMO1;BASP1	4	0.09	BCL11A;BHLHE22;HES6;NEUROD6;NR2F1;SOX4;SUMO1;UBC;BASP1;YWHAQ;HSPA1B;MIF;ACTB	13	0.29
ipc_msp_mid_all	406	BAZ2B;EGR1;EMX2;FOS;FOSB;GABPB1;HES6;JUN;JUND;MAF1;MEF2C;MEIS2;NCOR1;NR2F1;POU3F2;RERE;SATB2;SON;SOX4;TBR1;TFDP2;THRA;YBX1;ZBTB18;ZBTB20;ZEB1;ZEB2;ZNF711;ZNF821;MYT1L;ZNF33A;CUX1;EOMES;NEUROD2;NFIA;NFIB;POU3F1;POU3F3;SOX11;GTF3A	40	0.1	ANP32B;APEX1;ARL2BP;BTF3;BTG1;C1QBP;CBX3;CDKN1B;CENPU;DEK;EZR;HNRNPD;HSPA1A;HSPA1B;KMT2E;MAD2L2;MLLT3;MTDH;NDUFA13;PARK7;PIN1;PNRC1;PSIP1;RALY;RASD1;RBMX;SCAND1;SF1;SMARCA4;SMARCB1;SMARCD3;SRSF2;SSBP3;TERF2IP;TLE4;TXN;VGLL4;ZNF703;DDX17;BASP1	40	0.1	AKIRIN2;APEX1;APP;EGR1;EOMES;FOS;FOSB;GABPB1;IER2;JUN;JUND;LMO4;MEF2C;MEIS2;NDN;NEUROD2;NFIA;NFIB;NR2F1;PARK7;PFN1;PIN1;POU3F1;POU3F2;POU3F3;RBMX;SATB2;SMARCA4;SMARCB1;SOX11;SOX4;SSBP3;TBR1;TFDP2;THRA;TOP2A;UBE3A;YBX1;ZBTB18;ZEB1;ZEB2;ZNF821;BTG1;CUX1;EMX2;HES6;HNRNPD;MLF1;MLLT3;MN1;MYT1L;PHF20L1;PPP2CA;RERE;SCAND1;TERF2IP;TLE4;VGLL4;ZNF33A;ZNF703;ZNF711;C1QBP;EZR;FGF9;KHDRBS1;MAD2L2;MTDH;NCOR1;RPS14;TAGLN3;TXN;UBE2D1;ZBTB20;BAZ2B;DEK;HMGN1;BASP1;CBX3;CDKN1B;NDUFA13;RASD1;SET;SFRP1;KMT2E;MLLT11;SMARCD3;YWHAH;ACTG1;ANK2;ANK3;HSPA1A;HSPA1B;LAMTOR5;RDX;RPS7;TPT1;MAPT;MIF;NDFIP1;NME1;ARL2BP;BTF3;POLR2J3;POLR2L;PLCG2;SF1;SRSF2;PPIA;RALY;HSPB1;TMSB4X;MAF1	112	0.28
ipc_pfc_early_all	88	FOS;SUB1	2	0.02	ACTB;C1D;GTF2B;HINT1;RBX1;TXN	6	0.07	FOS;GTF2B;HINT1;RPL6;SUB1;CSNK2B;RBX1;RPL11;RPL5;RPS7;HMGN3;C1D;PSMA7;TXN;ACTB	15	0.17
ipc_pfc_late_all	27	MEIS2;AFF3	2	0.07	ARGLU1;RTF1	2	0.07	MEIS2;PHF14;RTF1;LMO4;TPT1;MIF;AFF3	7	0.26
ipc_pfc_mid_all	262	BCL11B;EGR1;EMX2;FOS;GABPB1;HES6;JUN;NCOR1;NEUROD1;PBRM1;RERE;SATB2;TBR1;TFDP2;YBX1;ZBTB20;ZEB2;ZNF711;ZNF821;MYEF2;NEUROD2;NFIA;POU3F3;GTF3A	24	0.09	ACTB;ARL2BP;BTG1;C1QBP;CBX3;CDKN1B;CLU;DNAJB1;HNRNPD;HSPA1A;HSPA1B;HSPA8;KDM1A;MED30;MTDH;NDUFA13;PIN1;PNRC1;PSIP1;RBMX;RTF1;SCAND1;SF1;SMARCD1;SRSF2;TERF2IP;HTATSF1	27	0.1	AKIRIN2;APP;BCL11B;EGR1;FOS;GABPB1;IER2;JUN;KDM1A;NEUROD1;NEUROD2;NFIA;PFN1;PIN1;POU3F3;RBMX;SATB2;TBR1;TFDP2;UBE3A;YBX1;ZEB2;ZNF821;BTG1;EMX2;HES6;HNRNPD;MLF2;PPP2CA;RERE;SCAND1;TERF2IP;ZNF711;CCNL2;HMGN1;HTATSF1;IFRD1;MTDH;MYEF2;PRKAR1A;SMARCD1;ZBTB20;C1QBP;DICER1;NCOR1;RTF1;UBE2D1;HNRNPAB;CBX3;CDKN1B;HSPA8;NDUFA13;YWHAQ;MDK;MED30;YWHAH;ANK3;CLU;HSPA1A;HSPA1B;RDX;TMED2;VIM;ATP1B1;PCBP2;NDFIP1;SRSF6;ARL2BP;DNAJB1;SF1;SRSF2;PTMA;PPP1CB;PSMD8;HSPB1;PBRM1;RPL26;ACTB	78	0.3
ipc_temporal_early_all	9	NR2F1;SOX2	2	0.22		0	0	NR2F1;SOX2	2	0.22
ipc_temporal_mid_all	195	BAZ2B;HES6;NCOR1;NR2F1;NR2F2;SON;SOX2;SOX4;SUB1;ZEB1;BBX;EOMES;SOX11	13	0.07	APEX1;CALR;EZR;GSK3B;HINT1;HNRNPK;HSBP1;RALY;RASD1;RTF1;SMARCB1;DDX17	12	0.06	AKIRIN2;BBX;CALR;EOMES;EZR;HES6;HSBP1;NCOR1;NR2F1;NR2F2;RTF1;SOX11;SOX2;UBA52;UBE2D1;ZEB1;APEX1;APP;C1orf61;HMGN3;HNRNPK;SMARCB1;SOX4;BAZ2B;HMGN1;SUB1;HINT1;ACTG1;GSK3B;LAMTOR5;VIM;RASD1;SFRP1;MIF;FLOT1;COMMD6;PRDX2;TMSB4X;TPT1;UBA2;PPP1CC;RPS27L;EPHA5;RALY;IVNS1ABP	45	0.23
ipc_v1_early_all	84	EMX1;HES6;ID2;LHX2;MEF2C;NFIX;NR2F1;TCF4;ZBTB18;NEUROD6;NFIA;NFIB;BCL11A	13	0.15	AUTS2;CRYM;MDFI;RASD1;RUNX1T1	5	0.06	BCL11A;CRYM;EMX1;HES6;ID2;MDFI;MEF2C;NFIA;NFIB;NFIX;NR2F1;RPL10;TCF4;ZBTB18;LHX2;NEUROD6;RUNX1T1;AUTS2;MLLT11;RASD1;VIM;RPL26	22	0.26
ipc_v1_late_all	35	MEF2C;NFIX;NR2F1;SON;TCF25;TCF4;ZBTB18;NEUROD6	8	0.23		0	0	MEF2C;NFIX;NR2F1;RPL23;TCF25;TCF4;ZBTB18;NEUROD6;ADCY1	9	0.26
ipc_v1_mid_all	227	ARID4B;EMX1;FOXG1;JUN;JUND;LHX2;MEF2C;NFIX;NME2;NR2F1;SATB2;TCF4;TFDP2;ZBTB18;ZBTB20;BCL11A;ZNF706;HES5;NEUROD6;NFIA;NFIC;BHLHE22	22	0.1	ARGLU1;BAZ1A;BEX1;CHCHD2;CHD3;CXXC5;DEK;EZR;IRF2BPL;KMT2A;MDFI;NDUFA13;NEDD8;PFDN5;RASD1;RSF1;SCAND1;SMARCD1;UXT;CAMK4	20	0.09	AKIRIN2;ARID4B;BEX1;CHCHD2;HES5;IER2;IRF2BPL;JUN;JUND;KMT2A;LHX2;MEF2C;NEUROD6;NFIA;NFIC;NFIX;NME2;NR2F1;PARP1;PFN1;PTOV1;RSF1;SATB2;TCF4;TFDP2;UBA52;UXT;ZBTB18;BCL11A;CHD3;CXXC5;EMX1;EZR;FOXG1;MDFI;PHF14;RPS14;ZBTB20;BHLHE22;HP1BP3;PFDN5;SCAND1;TMPO;BAZ1A;DEK;NEDD8;SMARCD1;ILF3;NDUFA13;RASD1;ZNF706;CAMK4;FYN;MIF;MYADM;NRXN1;CAMK2N1;ROCK1;RPS7;VIM;POLR2L;SNRPE;SNRPF;SNRPG;CSNK1E;FBL;COMMD6;LRP8;RPL26;HSPA5;YTHDC1	71	0.31
neuron_msp_early_all	340	AFF4;BAZ2B;BCL11B;CSDE1;FOS;FOXG1;FOXN3;HES6;HMGB1;ID4;JUN;JUNB;JUND;KLF6;MEF2C;MEIS2;NEUROD1;NFIX;NR2F1;NR4A1;POU3F2;SATB2;SETBP1;SUB1;TCF4;TSC22D1;XBP1;YBX1;ZBTB48;ZEB2;ZNF264;ZNF462;ZNF704;AFF3;CUX2;HES4;INSM1;NFIA;NFIB;POU3F1;POU3F3;SOX11;ZFP28;ZNF182;ZNF292;BCL11A;ZNF608;BHLHE22	48	0.14	ARGLU1;BTG1;C1QBP;CBX3;CNOT7;CTNNB1;DNAJB1;EZR;HSPA1A;HSPA1B;INSR;IRF2BPL;JMJD1C;MDM4;MLLT3;MTDH;NDUFA13;NEDD8;PA2G4;PHIP;PRMT2;RNF2;RTF1;SCAND1;SMARCA4;SMARCB1;SRSF2;TERF2IP;BASP1;TCEAL2	30	0.09	AKAP8L;APP;ARF4;BCL11B;CNOT7;CTNNB1;FLCN;FOS;HMGB1;ID4;IER2;IER5;IRF2BPL;JUN;JUNB;JUND;KLF6;LMO4;MEF2C;MEIS2;NEUROD1;NFIA;NFIB;NFIX;NR2F1;NR4A1;PFN1;PHIP;POU3F1;POU3F2;POU3F3;PPP3CA;SATB2;SMARCA4;SMARCB1;SOX11;TCF4;UBC;WNT7A;XBP1;YBX1;ZEB2;ZNF292;ZNF462;BCL11A;BHLHE22;BTG1;CELSR2;CUX2;ELAVL2;FOXG1;FOXN3;HES4;HES6;HP1BP3;INSR;JMJD1C;MLLT3;MN1;SCAND1;SUB1;TERF2IP;TSC22D1;ZFP28;ZNF182;ZNF264;BTG2;C1QBP;EZR;INSM1;MDM4;MTDH;RNF2;RTF1;UBE2D1;ZNF608;BAZ2B;HMGN1;IFRD1;NEDD8;PRKAR1A;ZNF704;PA2G4;PLCB1;PRMT2;ZBTB48;BASP1;BCL7A;CBX3;NDUFA13;SET;TCEAL7;YWHAQ;ANK3;CAMK2N1;HSPA1A;HSPA1B;TNRC6B;AFF3;AFF4;FKBP8;NOVA1;PCBP2;MIF;NDFIP1;SRSF6;DNAJB1;SRSF2;COMMD6;PRDX2;PPP1CB;EPHA5;LRP8;PSMA7;HSPB1;UHRF2;WTAP;YTHDC1	118	0.35
neuron_msp_late_all	485	AFF4;BAZ2B;BCLAF1;CTCF;FOS;FOXG1;GTF2I;HES6;ID2;MEF2C;MEIS2;MXI1;NFIX;NME2;PBRM1;PBX1;POU3F2;RBPJ;RERE;SETBP1;SFPQ;SMARCC1;SON;SOX4;SOX5;TCF4;UBTF;ZBTB18;ZBTB20;ZEB2;ZKSCAN1;ZNF704;CEBPZ;MYEF2;AFF3;CUX1;NEUROD2;NFIA;NFIB;POU3F3;SOX11;ZNF33A;ZNF770;ZNF91;BCL11A;ZNF608;BHLHE22	47	0.1	ACTB;ARGLU1;ATF7IP;ATRX;AURKAIP1;AUTS2;BAZ1B;BEX1;BPTF;BTG1;CBX3;CBX5;CHD3;CHD4;DACT1;DDX1;DEK;DHX36;EPC1;EZR;FUS;GSK3B;HNRNPD;HNRNPU;HSPA1A;KAT6B;KDM1A;KMT2A;KMT2E;KMT5B;MLLT3;MORF4L1;MYCBP2;NCL;NDUFA13;NRIP1;NSD1;PIN1;PNRC1;RBBP4;RBFOX2;RBM39;RBMX;RPAP2;RSF1;RTF1;SF1;SMARCA5;SMARCD3;SPEN;SUPT16H;TAF1D;TDG;TLE4;TPR;TRIM24;BDP1;MTF2;DDX17;BASP1;TCEAL4	61	0.13	APP;ATRX;AUTS2;BCLAF1;BEX1;BPTF;CEBPZ;CTCF;DHX36;EPC1;FOS;FUBP1;GTF2I;HNRNPU;KAT6B;KDM1A;KMT2A;MEF2C;MEIS2;MTF2;NCL;NEUROD2;NFIA;NFIB;NFIX;NME2;NRIP1;NUCKS1;PBX1;PIN1;POU3F2;POU3F3;PPP3CA;PRKDC;RBMX;RBPJ;RPS27A;RSF1;SFPQ;SMARCA5;SMARCC1;SOX11;SOX4;SOX5;TCF4;UBA52;UBE3A;ZBTB18;ZEB2;BCL11A;BHLHE22;BTG1;CHD3;CUX1;ERC1;FOXG1;FUS;GOLGB1;HES6;HNRNPD;HP1BP3;MLLT3;MORF4L1;NSD1;RERE;TAF1D;TLE4;ZKSCAN1;ZNF33A;ZNF91;ATF7IP;CBX5;DACT1;EZR;ID2;KHDRBS1;MXI1;PHF14;PKIA;RPL23;RPS14;RTF1;SPEN;TDG;TPR;ZBTB20;ZNF608;BAZ1B;BAZ2B;CHD4;DEK;MYEF2;UBTF;ZNF704;BASP1;BCL7A;CBX3;ILF3;NDUFA13;RBFOX2;SET;TRIM24;XRCC5;HNRNPAB;KMT2E;MAP2K2;SMARCD3;TRIM44;ANK3;CAMK2N1;GSK3B;HSPA1A;KIF1B;NRXN1;TMED2;TNRC6B;FYN;MAPT;MIF;YWHAZ;AFF3;AFF4;DNM1L;MAPK6;NOVA1;PCBP2;POLR2J3;POLR2L;SUPT16H;SF1;ACTB;SF3B1;DDX1;CSNK1E;MYCBP2;EIF2AK2;PBRM1;PTMA;KMT5B;RBBP4;GPX1;RPAP2;SNRPE;SNRPF;COMMD6;EPHA5;RPL26;YTHDC1;BDP1	149	0.31
neuron_msp_mid_all	826	ASCL1;BACH2;BCL11B;BCL6;CNBP;EBF1;EMX2;ETV1;FOS;FOSB;FOXP1;GABPB1;GZF1;HES6;HEY1;HMGA1;HMGB1;HMGXB4;ID2;ID4;JUN;KLF6;KMT2C;LHX2;MAF1;MEF2C;MEIS2;NCOA1;NCOR1;NFIX;NPAS4;NR2F1;NR4A2;PBX1;POU3F2;PRDM10;RERE;RXRG;SATB1;SATB2;SFPQ;SON;SOX4;SOX5;TBR1;TCF25;THRA;TOX3;TSC22D1;TSHZ3;YBX1;ZBTB18;ZBTB38;ZEB2;ZNF711;ZNF821;FEZF2;INSM1;KLF7;MYT1L;PEG3;ZNF112;ZNF608;ZNF706;CEBPZ;MYEF2;AFF3;ARID4A;CSRNP3;CUX1;DLX5;NEUROD2;NEUROD6;NFIA;NFIB;PAXBP1;POU3F3;SOX11;BHLHE22;GTF3A	80	0.1	ACTB;ARGLU1;ARL2BP;ATF7IP;AUTS2;BPTF;BTG1;C1QBP;CBX3;CBX5;CCDC85B;CEP290;CHD3;CHD9;CRYM;CTNND2;DACT1;EID1;EZR;FBXW11;FBXW7;FUS;GTF2H5;HNRNPD;HNRNPU;HSPA1A;HSPA8;ICE2;JMJD1C;KAT6B;KDM1A;KMT2E;LDB2;MAD2L2;MLLT3;MTDH;MYCBP2;N4BP2L2;NCL;NCOA7;NDUFA13;NRIP1;PID1;PIK3R1;PRNP;PSPC1;PTTG1;RALY;RBBP4;RBFOX2;RBM39;RBMX;RPAP2;RTF1;RUNX1T1;SCAND1;SMARCA4;SMARCAD1;SMARCD1;SMARCD3;SRSF2;SSBP2;SSBP3;SUDS3;TAF11;TAF1D;TCEA1;TCEA2;TDG;TERF2IP;TLE1;TLE4;TRIM24;TXNIP;VGLL4;YWHAB;ZCCHC12;BDP1;CAMK4;DDX17;BASP1;TCEAL4	82	0.1	AKIRIN2;APP;ARID4A;ASCL1;AUTS2;BCL11B;BPTF;CEBPZ;CNBP;CSRNP3;DLX5;EBF1;ETV1;FEZF2;FOS;FOSB;GABPB1;HEY1;HMGA1;HMGB1;HMGN3;HNRNPU;ID4;INHBA;JUN;KAT6B;KDM1A;KLF6;KLF7;KMT2C;LDB2;LHX2;LMO4;LMO7;MEF2C;MEIS2;NCL;NCOA1;NCOA7;NDN;NEUROD2;NEUROD6;NFIA;NFIB;NFIX;NPAS4;NR2F1;NR4A2;NRIP1;PAXBP1;PBX1;PEG3;PID1;PIK3R1;POU3F2;POU3F3;PPP3CB;PRDM10;PRKDC;RBMX;RXRG;SATB2;SFPQ;SMARCA4;SOX11;SOX4;SOX5;SSBP2;SSBP3;TBR1;TCEA1;TCEA2;THRA;YBX1;ZBTB18;ZBTB38;ZEB2;ZNF821;BACH2;BHLHE22;BTG1;CHD3;CUX1;DMD;ELAVL2;EMX2;ERC1;FOXP1;FUS;GTF2H5;GZF1;HES6;HNRNPD;HP1BP3;JMJD1C;MLLT3;MN1;MYT1L;PHF20L1;PSPC1;RERE;RUNX1T1;SATB1;SCAND1;TAF1D;TERF2IP;TLE1;TLE4;TSC22D1;VGLL4;ZNF112;ZNF711;ATF7IP;BCL6;C1QBP;CBX5;CRYM;DACT1;EID1;EZR;HNRNPA2B1;ID2;INSM1;MAD2L2;MAPK10;MTDH;N4BP2L2;NCOR1;PHF14;PKIA;RFC1;RPL23;RTF1;SUDS3;TCF25;TDG;TXNIP;ZC3H8;ZNF608;MYEF2;TSHZ3;BASP1;BCL7A;CBX3;CCDC85B;FBXW11;HSPA8;ILF3;NDUFA13;RBFOX2;TCEAL7;TRIM24;YWHAB;ZNF706;BRD9;HMGN1;SMARCD1;CAMK4;CEP290;FGF7;HNRNPAB;KMT2E;MDK;MLLT11;NDP;PITHD1;SMARCD3;TOX3;RNF19A;TAF11;TPT1;ACTG1;ANK2;ANK3;CNTN1;HSPA1A;KIF1B;NRXN1;NTRK2;OLFM1;RIMS2;SLC38A2;TNRC6B;VIM;AFF3;ATXN7L3B;MAPK6;MOK;NOVA1;PLCG2;POGZ;SLC8A1;ARL2BP;DIP2A;EIF4A3;FBXW7;MAPT;MIF;NDFIP1;DDX21;SRSF2;ZCCHC12;RALY;PRKCZ;MYCBP2;PRNP;SRI;GAMT;NSUN6;ICE2;RPAP2;ACTB;CSTF2T;CSTF3;SLBP;FTO;RBBP4;TMSB4X;GPX1;PSMA1;PSMD1;ZC3H13;MAF1;ADCY1;YTHDC1;BDP1	226	0.27
neuron_pfc_early_all	339	CAMTA1;CNBP;FOS;HMGB1;HMGB2;HMGB3;MEIS2;NEUROG1;NEUROG2;PAX6;SUB1;MYT1L;ZNF22;ZNF706;EOMES;NFIA	16	0.05	ACTB;ACTL6A;ANP32B;BTF3;CHCHD2;COMMD1;EID1;ENY2;GTF2A2;GTF2B;HINT1;HSBP1;MED30;NACA;NELFE;NPM1;NUDT5;PA2G4;PARK7;RAN;RBBP7;RBX1;RHOA;SAP18;SAP30;SCAND1;SIVA1;SUMO1;TXN;ALYREF	30	0.09	CNBP;EOMES;FOS;GTF2B;HINT1;HMGB1;HMGB2;HMGB3;MEIS2;MYT1L;NELFE;NEUROG1;NEUROG2;NFIA;PAX6;RPL6;SAP30;SCAND1;SUB1;SUMO1;ZNF22;CAMTA1;CHCHD2;GTF2A2;HMGN3;NPM1;PARK7;PFN1;RPS27A;UBB;ACTL6A;ENY2;HMGN1;RHOA;SAP18;EID1;HSBP1;PCNA;RBBP7;TXN;UBE2I;CSNK2B;RBX1;HNRNPAB;MDK;MED30;MLLT11;MRPL12;SFRP1;PSMA3;PSMA4;PSMA7;PSMB1;PSMB2;PSMB3;PSMB5;PSMB6;PSMD14;PSMD8;POLR2F;POLR2H;POLR2J;POLR2K;POLR2L;RPA2;RPA3;PA2G4;BTF3;NACA;ZNF706;PDCD5;RPL11;RPL5;RPS7;VIM;PTMA;MIF;RNASEH2B;ACTB;GSTO1;METTL5;TRMT112;TYMS;PRDX3;ATRAID;SNRPD3;SNRPE;SNRPF;SNRPG;SRI;COMMD1;PRDX2;GTF3C6;RPS27L;HSPB1	95	0.28
neuron_pfc_late_all	218	KLF6;MEIS2;NCOA1;SUB1;YBX1;KLF7;MYT1L;ZNF706;ZNF91;NFIA	10	0.05	ARGLU1;AURKAIP1;FBXW7;KMT2E;LDB2;MED19;PARK7;PIN1;PRMT1;RAN;RTF1;RUNX1T1;SSU72;SUMO1;TAF9;TCEA2;TOP1;YWHAB;BDP1	19	0.09	HMGN3;KLF6;KLF7;LDB2;LMO4;MED19;MEIS2;NCOA1;NFIA;PARK7;PFN1;PIN1;TAF9;TCEA2;UBB;YBX1;HP1BP3;MYT1L;RUNX1T1;SUB1;SUMO1;ZNF91;PHF14;RTF1;SNCA;DNAJB6;YWHAB;YWHAQ;ZNF706;FBXW7;MAPT;MIF;NDFIP1;NRXN1;KMT2E;MLLT11;YWHAH;PSMB5;PSMB6;PSMD7;SRPK2;COMTD1;PRMT1;SRI;COPS8;TOP1;ZC3H13;PRDX2;SSU72;BDP1	50	0.23
neuron_pfc_mid_all	412	BACH2;DEAF1;GABPB1;HES6;HMGA1;JUN;MAF1;MEF2C;MEIS2;NCOR1;NEUROG2;PBX1;POU3F2;RERE;THRA;TOX3;YBX1;ZBTB18;ZEB2;ZNF711;ZNF821;BCL11A;ZNF706;MYEF2;NFIA;POU3F3;SOX11;BHLHE22;GTF3A	29	0.07	ARL2BP;BAZ1B;BTG1;C1QBP;CBX3;CCDC85B;CDK5R1;CNOT7;FBXW7;HNRNPD;HSBP1;HSPA1A;KDM1A;LDB2;MTDH;NDUFA13;NEDD8;PRMT2;PSIP1;PSPC1;RBMX;RNF10;SCAND1;SMARCB1;SRSF2;SSU72;SUDS3;TCEA2;TERF2IP;TRIM24;TXN;DPF1;HTATSF1;BASP1	34	0.08	APP;CNOT7;DPF1;GABPB1;HMGA1;IER2;JUN;KDM1A;LAGE3;LDB2;LMO4;MEF2C;MEIS2;NDN;NFIA;PBX1;PCBP1;PFN1;POU3F2;POU3F3;PTOV1;RBMX;RNF10;SMARCB1;SOX11;TCEA2;THRA;UBB;YBX1;ZBTB18;ZEB2;ZNF821;BACH2;BCL11A;BHLHE22;BTG1;ELAVL2;HES6;HNRNPD;NEUROG2;PHF20L1;PSPC1;RERE;SCAND1;TERF2IP;ZNF711;C1QBP;DEAF1;HSBP1;KHDRBS1;MTDH;NCOR1;PKIA;SUDS3;TXN;UBE2D1;BASP1;CBX3;CCDC85B;CDK5R1;NDUFA13;PRMT2;SET;TRIM24;ZNF706;BAZ1B;HMGN1;HTATSF1;MYEF2;NEDD8;HNRNPAB;PITHD1;TOX3;YWHAH;EIF4A3;FBXW7;FYN;MIF;NDFIP1;OLFM1;SRSF6;ANK3;CNTN1;HSPA1A;KIF1B;KRAS;YWHAZ;ARL2BP;SRSF2;POLR2L;ATP1B1;NOVA1;PPP1R1B;TMSB4X;SRI;PSMD14;SLBP;SSU72;SMCHD1;MAF1	100	0.24
neuron_temporal_early_all	134	BACH2;MEF2C;NR2F1;SATB2;THRA;YBX1	6	0.04	CTNND2;DACT1;MYCBP2;RUNX1T1;SSBP2;SSBP3;TLE4;TXN;DPF1	9	0.07	BACH2;DACT1;MEF2C;NR2F1;PKIA;SATB2;SNCA;THRA;TLE4;TXN;DPF1;SSBP2;SSBP3;YBX1;RUNX1T1;ANK2;KIF1B;NTRK3;VIM;MAPT;NME1;MYCBP2;ADCY1;RPL26	24	0.18
neuron_temporal_late_all	208	CAMTA1;CCDC88A;ID4;MEF2C;NR2F1;NR2F2;SFPQ;SON;SOX4;TCF4;THRA;ZBTB38;BHLHE22	13	0.06	ARGLU1;ATRX;BEX1;BPTF;CBX5;CGGBP1;DEK;GTF2H5;HNRNPD;MORF4L1;MTPN;MYCBP2;NCL;PIK3R1;PSIP1;RBFOX2;RTF1;SMARCA2;YWHAB;BASP1;TCEAL4	21	0.1	ATRX;BEX1;BPTF;CAMTA1;ID4;LMO4;MEF2C;NCL;NDN;NR2F1;NUCKS1;PIK3R1;SFPQ;SMARCA2;SOX4;TCF4;THRA;ZBTB38;BHLHE22;ERC1;GTF2H5;HNRNPD;HP1BP3;MORF4L1;NR2F2;CBX5;CGGBP1;PKIA;RTF1;BASP1;BCL7A;RBFOX2;SET;YWHAB;ANK2;ANK3;CAMK2N1;CNTN1;KIF1B;NRXN1;OLFM1;TNRC6B;DEK;YWHAZ;MAPT;MIF;YWHAH;MYCBP2;GNAS;MTPN;DNM1L;SLC8A1;CHD5;CD200;PHF3	55	0.26
neuron_temporal_mid_all	359	ASCL1;BCL11B;CNBP;ETV1;FOS;FOXP1;HIF1A;HMGB1;ID2;LHX2;MEF2C;NR2F1;NR4A2;SATB1;SON;SOX4;SOX5;SUB1;TBR1;TCF12;TSHZ3;ZNF704;CEBPZ;FEZF2;KLF7;ZNF608;ARID4A;CSRNP3;NEUROD6;NFIB;SOX11	31	0.09	CALR;CRYM;CTNNB1;CTNND1;CTNND2;DDX39B;DNAJB1;EID1;EZH2;EZR;FBXW7;GTF2H5;HSPA8;KAT6B;MORF4L1;NCL;NCOA7;PHIP;RBM39;RUNX1T1;SCAND1;SMARCA2;SMARCB1;SSBP2;SSBP3;TDG;TLE4;CAMK4;TCEAL4;TCEAL1	30	0.08	AKIRIN2;ARID4A;ASCL1;BCL11B;CDH13;CEBPZ;CNBP;CSRNP3;CTNNB1;ETV1;FEZF2;FOS;HIF1A;HMGB1;KAT6B;KLF7;LHX2;LMO7;MEF2C;NCL;NCOA7;NEUROD6;NFIB;NR2F1;NR4A2;PHIP;RPS27A;SMARCA2;SMARCB1;SOX11;SOX4;SOX5;SSBP2;SSBP3;TBR1;TCF12;UBA52;CALR;DMD;ERC1;EZH2;FOXP1;GTF2H5;MORF4L1;RUNX1T1;SATB1;SCAND1;SUB1;TLE4;CRYM;EID1;EZR;ID2;RPL10;RPL23;SNCA;TDG;ZNF608;TSHZ3;CAMK4;ZNF704;BCL7A;DNAJB6;HSPA8;TCEAL7;ACTG1;NRXN1;NTRK2;RIMS2;ROBO1;RPL11;RPS7;VIM;FBXW7;MIF;DNAJB1;PSMA1;PSMD1;COMMD6;TMSB4X;CHD5;DDX39B;IVNS1ABP	83	0.23
neuron_v1_early_all	179	FOXG1;ID2;NFIX;NR2F1;SOX5;TCF4;ZBTB18;ZNF462;AFF3;INSM1;NEUROD2;NFIA;NFIB;SOX11;BCL11A	15	0.08	CHD3;CRYM;EWSR1;EZR;HSPA1A;HSPA1B;HSPA8;INSR;MTDH;NACA;NDUFA13;PIN1;RASD1;RUNX1T1;SSBP2;SSBP3;TLE4	17	0.09	BCL11A;CHD3;CRYM;EZR;FOXG1;ID2;INSM1;MTDH;NFIA;NFIB;NFIX;NR2F1;PTPN2;RPL10;RPL23;RPS14;SOX11;TCF4;TLE4;UBE2D3;ZBTB18;EWSR1;INSR;NEUROD2;RUNX1T1;SOX5;SSBP2;PIN1;PPP3CA;SSBP3;ZNF462;HSPA1A;HSPA1B;RDX;RPL11;RPL5;RPS3;RPS7;HSPA8;NDUFA13;RASD1;SET;MLLT11;NME1;SRSF6;AFF3;NACA;DDX21;TPT1;PPP1CB;WTAP;ADCY1;RPL26;USP11	54	0.3
neuron_v1_late_all	70	MEF2C;NFIX;NME2;NR2F1;SON;TCF4;TSC22D1;ZBTB18;SOX11;BCL11A;BHLHE22	11	0.16	HSPA1A;RUNX1T1	2	0.03	BCL11A;MEF2C;NFIX;NR2F1;PTPN2;RPL23;SOX11;TCF4;UBA52;ZBTB18;BHLHE22;RUNX1T1;TSC22D1;NME2;HSPA1A;PTMA;RPL26	17	0.24
neuron_v1_mid_all	314	EMX1;FOXG1;FOXP1;HES6;ID2;JUN;JUND;KLF6;LHX2;MEF2C;MYCN;NCOR1;NFIX;NME2;NR2F1;SATB2;SON;SOX4;TCF4;THRA;TSC22D1;ZBTB18;AFF3;CUX1;INSM1;NEUROD2;POU3F1;BCL11A;BHLHE22;GTF3A	30	0.1	ANP32E;ARGLU1;BTG1;CHD3;DACT1;DEK;EZR;HSPA1A;HSPA1B;HSPA8;JMJD1C;NPM1;RASD1;RUNX1T1;SCAND1;SMARCA4;SMARCB1;SRSF2;TOP1;UXT;VGLL4;CAMK4;TENM2	23	0.07	AKIRIN2;ATXN1;BCL11A;CHD3;CUX1;DACT1;EMX1;EZR;FOXG1;HES6;ID2;INSM1;JUN;JUND;KHDRBS1;MEF2C;NCOR1;NFIX;NR2F1;PHF14;PTPN2;RPL23;RPS14;SATB2;SMARCA4;TCF4;TENM2;THRA;UBC;UBE2D1;UXT;ZBTB18;BHLHE22;BTG1;CDK11B;FOXP1;HP1BP3;JMJD1C;LHX2;MYCN;NEUROD2;POU3F1;RUNX1T1;SCAND1;SOX4;TSC22D1;VGLL4;IER2;IER5;KLF6;LMO4;NCK2;NME2;NPM1;PFN1;PRKDC;SMARCB1;DEK;HMGN1;BCL7A;HSPA8;RASD1;ACTG1;HSPA1A;HSPA1B;MAPK8;NTRK3;RDX;RPL11;VIM;CAMK4;HNRNPF;RNF19A;TRIB2;AFF3;ATP1B1;SLC8A1;POLR2J3;MIF;SRSF2;PTMA;TOP1;ADCY1;EPHA5;WTAP;YTHDC1;SNRPF	87	0.28
rg_msp_early_all	217	CCDC88A;EGR1;FOS;FOSB;GLI3;HES6;ID2;ID4;JUN;JUNB;NR2F1;PBX1;POU3F2;SON;SOX3;SOX4;SOX9;TCF4;YBX1;INSM1;SOX11;ZNF292	22	0.1	ANP32B;ARGLU1;ATRX;BPTF;BTG1;C1QBP;CALR;CHD9;CLU;CTNNB1;DDX5;DEK;HNRNPC;HNRNPU;HSPA1A;HSPA1B;MTDH;NCL;PHIP;SCAND1;SMARCB1;SRSF2;STRN3;TLE4;TOP1;TPR;TRIM28;DDX17;NRG1;BASP1	30	0.14	AKIRIN2;ATRX;BPTF;C1orf61;CTNNB1;EGR1;FOS;FOSB;GLI3;HMGN3;HNRNPU;ID4;IER2;IER5;JUN;JUNB;NCL;NR2F1;PARP1;PBX1;PFN1;PHIP;POU3F2;PPP3CA;SMARCB1;SOX11;SOX3;SOX4;SOX9;TCF4;UBC;YBX1;ZNF292;C1QBP;CALR;DDX5;HES6;ID2;INSM1;MTDH;RFC1;TLE4;TPR;TRIM28;BTG1;HP1BP3;SCAND1;DEK;HMGN1;AGO3;CLU;CRH;HSPA1A;HSPA1B;ITGB8;KIF1B;NRG1;QKI;RDX;VIM;BASP1;STRN3;YWHAQ;MDK;MIF;NDFIP1;SRSF6;TPT1;PCBP2;SRSF2;PPP1CB;PPP1CC;TOP1;HSPB1;WTAP;TMSB4X;LARP7;HSPA5;YTHDC1	79	0.36
rg_msp_late_all	382	ASCL1;ATF3;CCDC88A;DDIT3;EMX2;FOSB;HES1;HES6;HEY1;ID1;ID2;ID4;LHX2;MEIS2;MXI1;NFE2L2;NFIX;NME2;NR2F1;NR4A1;POU3F2;SFPQ;SOX2;SOX3;SOX6;SOX9;ZBTB20;ZFP36L1;ZFP36L2;ZHX1;ZNF770;HES4;HES5;SOX11	34	0.09	ACTB;ARHGAP5;ATF7IP;BRD7;CALR;CTNNB1;CXXC5;DNAJB1;EDF1;EGFR;HINT1;HNRNPD;HNRNPU;HSPA1A;HSPA1B;KDM1A;MYO6;NACA;NDUFA13;NEDD8;PFDN5;PIN1;PINK1;PRMT2;RBX1;SCAND1;SMARCD3;TLE4;TOB2;TRIM28;TRIP11;TXNIP;URI1;YAF2;BASP1	35	0.09	ASCL1;ATF3;ATF7IP;CALR;CTNNB1;CXXC5;DDIT3;EMX2;FOSB;HES1;HES4;HES5;HES6;HEY1;HNRNPA2B1;HNRNPU;ID1;ID2;ID4;IL33;KDM1A;KHDRBS1;MEIS2;MXI1;NFIX;NR2F1;RPL10;RPS14;RPS27A;SFPQ;SOX11;SOX2;SOX3;SOX6;SOX9;TLE4;TRIM28;TXNIP;UBA52;URI1;ZBTB20;ZFP36;ZHX1;EGFR;ITGA6;LHX2;MYO6;NFE2L2;NME2;NR4A1;PFN1;PIN1;POU3F2;RGMA;EDF1;GOLGB1;HINT1;HNRNPD;MAPK8IP1;PFDN5;SCAND1;YAF2;BASP1;BRD7;CRYAB;MT3;NDUFA13;PRMT2;SET;SFRP1;YWHAQ;FZD2;MAP2K2;MDK;PSRC1;SMARCD3;SPP1;ZFP36L1;ANK2;CTSH;HSPA1A;HSPA1B;ITGB8;KIF1B;LAMTOR5;RDX;RPL11;RPS3;RPS7;TNC;VIM;HSPD1;NEDD8;RBX1;MIF;PINK1;SRSF6;DNAJB1;TOB2;NACA;TRIP11;EIF2AK2;PLPP3;PPP1CB;POLR2J3;POLR2L;COMT;METTL7A;TMSB4X;HSPA5;ACTB;HSPB1;RPL26;GPX1	114	0.3
rg_msp_mid_all	1117	ASCL1;ATF3;ATF4;CARHSP1;CEBPD;CNBP;CREB5;DDIT3;DLX2;DMRTA2;DNAJC1;EGR1;EMX2;ETV5;FOS;GABPB1;GLI3;GPBP1;GTF2I;HES1;HES6;HMG20B;HOPX;ID1;ID2;ID4;JUN;JUNB;KLF4;KLF6;LHX2;LITAF;MAF1;MAFF;MEF2C;MEIS2;NCOR1;NFE2L2;NFIX;NKX2-1;NR2E1;NR2F1;PAX6;PLAGL1;POU3F2;RBPJ;REST;RFXANK;RORB;SETBP1;SFPQ;SON;SOX2;SOX3;SOX4;SOX5;SOX9;STAT3;TCF25;TFAP2C;TFDP2;TSC22D4;XBP1;YBX1;ZBTB18;ZBTB20;ZFP36L1;ZFP36L2;ZNF131;ZNF302;ZNF462;SALL3;SLC2A4RG;ZFHX4;ZIC2;ZNF644;BBX;HES4;HES5;NEUROD2;NEUROD6;NFIA;NFIB;POU3F3;SOX11;SOX21	86	0.08	ACTN1;ANP32B;APEX1;ARGLU1;ARHGAP5;ARL2BP;BEX1;BTF3;BTG1;C1QBP;CALR;CBX3;CDC73;CDKN1B;CITED2;CLU;COPS5;CRYM;CTBP2;CTNND2;CXXC5;DDX5;DEK;DHX36;EDF1;EGFR;EID1;ENO1;EZR;FGFR2;FLNA;HINT1;HNRNPD;HSPA1A;HSPA1B;ILK;LDB2;LMO1;LMO2;MAGED1;MDFI;MED17;MED30;MLLT3;MTDH;MYO6;NDUFA13;NEDD8;NPM1;PBXIP1;PCGF5;PFDN5;PHIP;PID1;PIM1;PNRC1;PRMT1;PRMT2;PSIP1;PSPC1;RBFOX2;RBM39;RBMX;RBX1;RGCC;RHOA;RTF1;SCAND1;SKIL;SMARCB1;SMARCD1;SNX6;SRSF2;TAF7;TDG;TERF2IP;TLE1;TLE3;TLE4;TOPORS;TRIM24;TRIM28;TRIP6;UXT;WWTR1;NRG1;GRHPR;BASP1;TCEAL4	89	0.08	AKIRIN2;APEX1;ARF4;ASCL1;ATF3;ATF4;BEX1;BMP7;C1orf61;CD81;CEBPD;CITED2;CNBP;COPS5;CTBP2;DCN;DDIT3;DHX36;DLX2;EGFR;EGR1;ETV5;FGFR2;FOS;FUBP1;GABPB1;GLI3;GPER1;GTF2I;HES1;HES5;HMGN3;ID4;IER2;IL33;ITGB1BP1;JUN;JUNB;KLF4;KLF6;LDB2;LHX2;LITAF;LMO1;LMO2;MAFF;MED17;MEF2C;MEIS2;MYDGF;MYO6;NDN;NEUROD2;NEUROD6;NFE2L2;NFIA;NFIB;NFIX;NKX2-1;NPM1;NR2E1;NR2F1;PARP1;PAX6;PCBP1;PCGF5;PFN1;PHIP;PID1;PLAGL1;POU3F2;POU3F3;PPP1R12A;PTOV1;RBMX;RBPJ;RFXANK;RGCC;RHOQ;RORB;RPS27A;SFPQ;SFRP2;SMARCB1;SOX11;SOX2;SOX21;SOX3;SOX4;SOX5;SOX9;STAT3;TAF7;TFAP2C;TFDP2;UBA52;UBC;UXT;WWTR1;XBP1;YBX1;ZBTB18;ZNF131;ZNF462;BBX;BTG2;C1QBP;CALR;CDC73;CRYM;CXXC5;DDX5;EID1;EMX2;ENO1;EZR;GADD45A;HES4;HES6;ID1;ID2;IGBP1;KANK2;KHDRBS1;MDFI;MTDH;NCOR1;NEDD4L;PCNA;REST;RFC1;RPL10;RPL23;RPS14;RTF1;SKIL;TCF25;TDG;TLE4;TRIM28;ZBTB20;ZFHX4;ZFP36;BTG1;CCNL1;CREB5;DMRTA2;EDF1;GPBP1;HINT1;HNRNPD;HP1BP3;MAGED1;MAPK8IP1;MLF1;MLF2;MLLT3;PFDN5;PPP2CA;PSPC1;RPL6;SALL3;SCAND1;SLC2A4RG;TERF2IP;TLE1;TLE3;TSC22D4;ZNF302;ZNF644;APOE;CCNL2;DEK;GLO1;HMGN1;HOPX;HSPD1;NEDD8;PAM;RHOA;SMARCD1;STOX1;ZFP36L1;ZIC2;CD38;FZD2;ILK;MDK;MED30;MLLT11;MT3;PIM1;PITHD1;PRMT2;PSMD9;PSRC1;SFRP1;SNX5;TOPORS;TRIM24;YWHAH;ACTG1;AGO3;CAMK2N1;CCL3;CLU;CRH;F3;GJA1;GSN;HSPA1A;HSPA1B;ITGB8;KRAS;LDLR;LMNA;MSN;NRG1;NRXN1;NTRK2;QKI;RDX;RPL11;RPL5;RPS3;RPS7;SPRY2;TNC;TNRC6B;VIM;BASP1;CBX3;CBY1;CDKN1B;DKK3;NDUFA13;PBXIP1;RBFOX2;SET;SNX6;FLNA;GPX3;HNRNPF;RBX1;EIF4A3;FYN;MAPT;MIF;NDFIP1;RNASEH2B;ARL2BP;ATRAID;HMG20B;NOVA1;PCBP2;PHGDH;PIK3CA;PLCG2;BTF3;GTF2F2;POLR2C;POLR2F;POLR2I;POLR2L;SRSF2;CIB1;EIF2AK2;PPIA;UBE2N;HIGD1A;PSMA2;PSMA3;PSMA7;PSMD3;PSMD6;PSME1;POLD2;UVSSA;PLPP3;PTMA;CSNK1E;PPP1CA;PPP1CB;COMT;DPH5;FBL;GAMT;MAT2B;PCMT1;PRMT1;PCMTD1;SNRPB;COMMD6;TMSB4X;INTS2;PAPOLA;SLBP;SNRPE;SNRPF;SNRPG;NEK6;ACTN1;SRI;HSPA5;MAF1;TMBIM6;HSPB1;CYP51A1;RPS27L;ANGPT2;RPL26;LARP7;YTHDC1	313	0.28
rg_pfc_early_all	85	DDIT3;FOS;HES1;HOPX;SOX4;HES4	6	0.07	ACTB;CLU;HINT1;NACA	4	0.05	DDIT3;FOS;HES1;HES4;HINT1;RPL6;SOX4;HOPX;CLU;NRXN1;RPL11;RPL5;RPS7;HMGN3;MDK;MIF;TMSB4X;NACA;ACTB;CHCHD10	20	0.24
rg_pfc_late_all	60	HES1;ID4;KLF6;MEIS2;PAX6;SON;YBX1	7	0.12	ARGLU1;CLU;DDX1;MORF4L1;PRMT2;RTF1;TLE4;TOP1;YWHAB;BASP1	10	0.17	BASP1;HES1;ID4;MT3;PRMT2;SFRP1;TLE4;YWHAB;IER2;KLF6;MEIS2;PAX6;YBX1;HP1BP3;MORF4L1;RTF1;CLU;SRPK2;TOP1;MIF;DDX1	21	0.35
rg_pfc_mid_all	652	ASCL1;CARHSP1;EMX2;ETV1;ETV5;GABPB1;HES1;HES6;HOPX;ID4;JUN;JUNB;JUND;KLF3;KLF6;MAF1;MEF2C;NCOR1;NME2;PAX6;RERE;RORB;SON;SOX2;SOX3;TFAP2C;THRA;TSC22D1;YBX1;YBX3;ZEB2;ZFP36L1;ZFP36L2;ZNF711;HES4;NEUROD2;SOX11;SOX8;GTF3A	39	0.06	ACTB;ACTN1;ANP32B;APBB1;ARGLU1;AURKAIP1;BRWD1;BTG1;C1QBP;CALR;CBX3;CHCHD2;CHCHD3;CITED2;CLU;CRYM;CTBP2;CTNNB1;EZR;FLNA;HNRNPU;HSPA1B;KDM5B;MAGED1;MTDH;NDUFA13;NELFE;PIN1;PNRC1;PRMT2;PSIP1;PSPC1;RBMX;RGCC;RHOA;SCAND1;SMARCB1;SRSF2;TERF2IP;TLE1;TLE4;TOB1;NRG1	43	0.07	AKIRIN2;APBB1;APP;ASCL1;BMP7;C1orf61;CD81;CHCHD2;CITED2;CTBP2;CTNNB1;ETV1;ETV5;GABPB1;HES1;HMGN3;HNRNPU;ID4;IER2;ITGA6;JUN;JUNB;JUND;KLF3;KLF6;LAGE3;LMO4;MEF2C;MYDGF;NDN;NELFE;NEUROD2;NME2;PARP1;PAX6;PFN1;PIN1;RBMX;RGCC;RORB;SFRP2;SMARCB1;SOX11;SOX2;SOX3;SOX8;TFAP2C;THRA;YBX1;YES1;ZEB2;BTG2;C1QBP;CALR;CRYM;EMX2;EZR;HES4;HES6;MTDH;NCOR1;TLE4;UBE2D1;UBE2I;YBX3;BTG1;HP1BP3;MAGED1;MAPK8IP1;PHF20L1;PSPC1;RERE;SCAND1;TERF2IP;TLE1;TSC22D1;ZNF711;CLU;CRH;F3;HSPA1B;IFNGR1;ITGB8;KDM5B;KRAS;LMNA;MT3;NRG1;NRXN1;RAMP3;RDX;ROBO1;SPRY2;STOX1;TMED2;TNC;VIM;HOPX;ZFP36L1;CBX3;COMMD7;DKK3;NDUFA13;PRMT2;SFRP1;YWHAQ;APOE;BRWD1;GLO1;HMGN1;RHOA;HNRNPAB;MDK;MRPL12;PITHD1;SNX5;YWHAH;FLNA;GPX3;EIF4A3;MAPT;MIF;NDFIP1;ATP1B1;ATRAID;NOVA1;TOB1;SRSF2;POLR2L;FLOT1;SPHK1;PLPP3;PSMA2;PSMC1;PSMD14;PSMD2;PSMD3;PSMD8;PPP1CB;PPP1CC;ACTN1;SRI;PTMA;ADRM1;COMT;MAF1;TMBIM6;ACTB;GPX1;HSPB1;CYP51A1;SMCHD1;CHCHD10;LARP7;HSPA5;YTHDC1;SLBP	157	0.24
rg_temporal_early_all	41	NR2F1;HES4;HES5	3	0.07	NDUFA13;TXN	2	0.05	HES4;HES5;NR2F1;TXN;CD81;NDN;MT3;NDUFA13;MIF	9	0.22
rg_temporal_late_all	46	NR2F1;NR2F2;SOX2;TSC22D4	4	0.09	HSPA1A;PIK3R1	2	0.04	AGT;APOE;MT3;NR2F2;SOX2;NR2F1;TSC22D4;EDNRB;SFRP2;GJA1;HSPA1A;NTRK2;PIK3R1;PLPP3	14	0.3
rg_temporal_mid_all	420	ARID5B;ATF3;CEBPD;ETV5;FOS;HBP1;HES1;HEY1;IRF1;JUNB;MEF2C;NCOR1;NFE2L2;NR2F1;SON;SOX4;TGIF1;THRA;PEG3;NEUROD2;NEUROD6;SOX11	22	0.05	ARL2BP;BEX1;CITED1;CTNND1;DAPK3;DDX39B;GSK3B;HDAC3;HSPA1B;ILK;MLLT3;NACA;PBXIP1;PFDN5;PNRC1;SMARCA2;SMARCB1;SQSTM1;STRAP;TGFB1I1;TOB1;TOB2;TSPYL2;VGLL4;WWTR1;DDX17;BASP1	27	0.06	APBB2;ATF3;CEBPD;CITED1;DAPK3;ETV5;FOS;HBP1;HES1;HEY1;IRF1;JUNB;MEF2C;MLLT3;NEUROD2;NEUROD6;NFE2L2;NR2F1;PEG3;PFDN5;PPP2CA;RPL6;SMARCA2;SOX11;SOX4;TGIF1;THRA;VGLL4;WWTR1;AKIRIN2;APP;BEX1;HDAC3;RPS27A;SFRP2;SMARCB1;SQSTM1;UBA52;ARID5B;EDNRB;MAPK10;NCOR1;RPL10;RPL23;STRAP;TAGLN3;BASP1;DKK3;PBXIP1;SET;ILK;MLLT11;PSRC1;TGFB1I1;IFRD1;F3;GSK3B;HSPA1B;RPL11;TMED2;ANXA7;BBS2;MIF;MYADM;NDFIP1;HNRNPF;UBA2;ARL2BP;NACA;ATP1B1;FUT8;TOB1;TOB2;PLPP3;CAT;HIGD1A;PSMD3;NRBP1;MAT2B;METTL3;SHMT2;COMMD6;TMSB4X;COPS4;PTMA;PPP1CC;RPL26;DDX39B;EIF4E;HSPB1;INTS10	91	0.22
rg_v1_early_all	640	AFF4;BACH2;CARHSP1;CSDE1;EMX1;EMX2;FOXG1;FOXN3;FOXO3;FOXP1;GATAD2B;GTF2I;HES6;HMGA1;HMGB2;HOPX;JUND;LHX2;MAZ;MEF2C;MTA2;NCOR2;NFIX;NR2F1;NR4A2;PBX1;PRDM2;PRDM8;SATB1;SATB2;SFPQ;SOX4;SOX5;TBR1;TCF4;THRA;TSHZ3;UBP1;YBX1;YY1;ZBTB18;ZBTB44;ZEB2;ZKSCAN1;ZNF462;ZNF711;MYEF2;BCL11A;FEZF2;HIVEP2;KLF7;MYT1L;ZIC2;ZMIZ1;ZNF532;AFF3;CSRNP3;EOMES;MLXIP;NEUROD2;NEUROD6;NFIA;NFIB;POU2F2;SOX11;SOX12;BHLHE22;C11orf95;GTF3A	69	0.11	ACTB;AUTS2;BMI1;BRD3;BRD4;BTF3;CALCOCO1;CARM1;CBFA2T2;CDK5R1;CHD3;CRYM;CTBP1;CTNNB1;CTNND2;DACT1;DNAJB1;FBXW7;HSBP1;HSPA1A;HSPA1B;INSR;IRF2BPL;JMJD1C;KAT6B;KDM2B;KDM5B;KDM6B;KMT2A;KMT2E;LDB2;LZTS1;MDFI;MDM4;MLLT3;MTDH;MTPN;MYCBP2;NACA;NDUFA13;PDLIM1;RBFOX2;RNF2;RUNX1T1;SMARCA4;SMARCD3;SSBP2;SSBP3;SUMO1;TERF2IP;TLE3;TRIM28;TRIM33;YWHAB;DPF1;MTF2;RLIM;ARHGAP35;CAMK4;TENM2;MED13L;BASP1	62	0.1	ASXL3;AUTS2;BMPR2;BRD4;CALCOCO1;CARM1;CSRNP3;CTNNB1;DPF1;EOMES;FEZF2;FLCN;FOXO3;GTF2I;HMGA1;HMGB2;HMGN3;INHBA;IRF2BPL;ITGB1BP1;JUND;KAT6B;KDM6B;KLF7;KMT2A;LAGE3;LDB2;LHX2;LMO4;LMO7;MEF2C;MLXIP;MTA2;MTF2;NEUROD2;NEUROD6;NFIA;NFIB;NFIX;NR2F1;NR4A2;PBX1;PCBP1;PKD1;POU2F2;PPP3CA;PPP3CB;PRDM2;PTOV1;SATB2;SFPQ;SFRP2;SMARCA4;SOX11;SOX12;SOX4;SOX5;SSBP2;SSBP3;TBR1;TCF4;THRA;UBA52;UBP1;YBX1;YY1;ZBTB18;ZEB2;ZMIZ1;ZNF462;BACH2;BCL11A;BMI1;CBFA2T2;CHD3;CRYM;CTBP1;DACT1;DICER1;DNMT3A;EMX1;EMX2;FNIP2;FOXG1;GATAD2B;HES6;HSBP1;IGBP1;KDM2B;KHDRBS1;MDFI;MDM4;MTDH;MYT1L;NCOR2;NEDD4L;PTPN2;RLIM;RNF2;RPL10;RPS14;SATB1;SUMO1;TENM2;TRIM28;TRIM33;BHLHE22;CELSR2;FADS1;FOXN3;FOXP1;INSR;JMJD1C;MLLT3;MN1;PRDM8;RUNX1T1;SBNO1;SPIN1;TERF2IP;TLE3;ZKSCAN1;ZNF711;HOPX;MAZ;MYEF2;TSHZ3;ZIC2;BRD3;KDM5B;MED13L;PDLIM1;BASP1;BCL7A;C11orf95;CDK5R1;CRYAB;MT3;NDUFA13;RBFOX2;SET;YWHAB;CAMK4;CAND1;HNRNPAB;KMT2E;MLLT11;SMARCD3;USP22;YWHAH;AFF3;AFF4;ATP1B1;MAPK8;NOVA2;PCBP2;PHGDH;POGZ;SLC8A1;ANK2;ANK3;CCL3;HSPA1A;HSPA1B;LAMTOR5;NTRK3;RBM4B;RPL11;RPL5;RPS3;TNRC6A;TNRC6B;TNRC6C;TPT1;YWHAZ;HNRNPL;FBXW7;FYN;MAPT;SH3GL2;SRSF6;DNAJB1;NACA;BTF3;POLR2B;POLR2J3;MTPN;POLR1D;RNPS1;FBL;CSNK1E;MYCBP2;GNAS;SRI;MTURN;PRDX2;TMSB4X;RPRD2;PABPN1;SNRPG;DDB1;ACTB;PUM1;YTHDC1;PSMB5;BAIAP2;RPS27L;WTAP;CELF3;ADCY1;RPL26	211	0.33
rg_v1_late_all	56	CARHSP1;MEF2C;NR2F1;SON;TCF4;ZBTB18	6	0.11	BEX1;HSPA1A;PA2G4;TLE4	4	0.07	MEF2C;NR2F1;RPL23;TCF4;TLE4;ZBTB18;HSPA1A;MT3;TNC;BEX1;PA2G4;PTMA;RPL26	13	0.23
rg_v1_mid_all	863	ARID4B;ATF3;BCLAF1;CAMTA1;CARHSP1;CNBP;CREB5;DACH1;DMRTA2;EGR1;EMX2;ETV5;FOS;FOSB;FOXG1;HES1;HEY1;HMGB2;ID1;ID2;ID4;IRF1;JUN;JUNB;JUND;KLF4;KLF6;LHX2;LITAF;MAFF;MAZ;MEF2C;NCOR1;NEUROG2;NFIX;NME2;NPAS3;NR2F1;NR4A1;PAX6;PLAGL1;RBCK1;RBPJ;REST;RFX4;SON;SOX2;SOX3;SOX4;SOX9;SSRP1;STAT3;TCF4;TFAP2C;TFDP2;TGIF1;THAP7;TRPS1;TSC22D4;TULP3;XBP1;XPA;YBX3;ZBTB18;ZBTB20;ZFP36L1;ZFP36L2;ZNF302;ZNF32;ZSCAN18;REPIN1;FEZF2;PEG3;SALL3;ZIC2;ZNF22;ZNF43;ZNF706;BBX;HES4;HES5;NFIA;NFIC;SOX21;GTF3A	85	0.1	ACTB;ACTN1;ANP32B;ARGLU1;ARL2BP;ATAD2;AURKAIP1;BAZ1A;BEX1;BTG1;CALR;CCDC59;CDC73;CGGBP1;CHCHD2;CHD7;CHMP1A;CTBP2;CXXC5;DDX5;DEK;DHX36;DNAJB1;EHMT2;ENO1;EWSR1;EZR;FLNA;FUS;GSK3B;HDAC2;HELLS;HNRNPC;HNRNPU;HSPA1A;HSPA1B;MDFI;MED19;MTPN;NDUFA13;NOTCH1;NPM1;NSD1;PHIP;PIM1;PIN1;PMF1;PSIP1;PTTG1;PUF60;RALY;RBBP7;RBMX;RGCC;RSF1;RTF1;SAFB2;SAP30;SCAND1;SF1;SIVA1;SMARCA4;SMARCA5;SMARCB1;SRSF2;SUDS3;SUPT16H;TCEA1;TCEA2;TOP1;TPR;TRIM28;TRIM37;TRIP6;UXT;VGLL4;YWHAB;DDX17;NRG1;BASP1	80	0.09	AKIRIN2;ARID4B;ATAD2;ATF3;BCLAF1;BEX1;BMP7;C1orf61;CAMTA1;CD81;CDON;CHCHD2;CHD7;CNBP;CTBP2;DCN;DHX36;EGR1;ETV5;FEZF2;FOS;FOSB;HDAC2;HES1;HES5;HEY1;HMGB2;HNRNPU;ID4;IER2;IRF1;JUN;JUNB;JUND;KLF4;KLF6;LHX2;LITAF;MAFF;MED19;MEF2C;MYDGF;NFIA;NFIC;NFIX;NME2;NOTCH1;NPM1;NR2F1;NR4A1;NUFIP1;PARP1;PAX6;PEG3;PFN1;PHIP;PIN1;PLAGL1;PPP1R12A;PRKDC;PSMC3;RBMX;RBPJ;RFX4;RGCC;RGMA;RPS27A;RSF1;SFRP2;SMARCA4;SMARCA5;SMARCB1;SOX2;SOX21;SOX3;SOX4;SOX9;STAT3;TCEA1;TCEA2;TCF4;TET1;TFAP2C;TFDP2;UBC;UXT;XBP1;ZBTB18;BBX;BTG2;CALR;CDC73;CGGBP1;CXXC5;DACH1;DDX5;EHMT2;EMX2;ENO1;EZR;FOXG1;GADD45A;HES4;HNRNPA2B1;ID1;ID2;MDFI;NCOR1;NRARP;NSD1;PCNA;PHF14;RBBP7;REST;RFC1;RTF1;SAP30;SUDS3;TGIF1;THAP7;TPR;TRIM28;TRIM37;TRPS1;UBE2D1;UBE2D3;UBE2I;YBX3;ZBTB20;ZFP36;BTG1;CCNL1;CDCA7;CREB5;DMRTA2;EWSR1;FUS;HP1BP3;MLF1;NEUROG2;NPAS3;PPP2CA;SAFB2;SALL3;SCAND1;TMPO;TSC22D4;TULP3;VGLL4;ZNF22;ZNF302;ZNF43;ZSCAN18;BAZ1A;CCNL2;CKS2;DEK;HMGN1;HSPD1;MAZ;SNF8;ZFP36L1;ZIC2;BASP1;CHMP1A;COMMD7;CRYAB;ILF3;MT3;NDUFA13;NRG1;PHB2;XRCC5;YWHAB;YWHAQ;ZNF706;CAND1;MAP2K2;MDK;MRPL12;PIM1;PSRC1;SNX5;FLNA;GPX3;HNRNPF;TPT1;UBA2;ACTG1;EPHB2;GSK3B;HSPA1A;HSPA1B;LDLR;PDCD5;QKI;RDX;RPL11;RPS7;SPRY2;TMED2;TNC;VIM;GGNBP2;MIF;MYADM;NDFIP1;CDK4;FKBP8;PCBP2;PHGDH;GTF2F2;PMF1;SSRP1;SUPT16H;ARL2BP;DNAJB1;SF1;SRSF2;RALY;EIF2AK2;MTPN;RBCK1;CSNK1E;PPP1CC;TOP1;PLPP3;PSMA2;PSMA7;PSMD2;PSMD3;PSMD8;POLD2;RPA3;XPA;COMMD6;NFKBIL1;ADRM1;PTMA;RNPS1;AHCY;COMT;GAMT;TYMS;ACTN1;CDT1;DHFR;PAPOLA;SNRPB;SNRPF;HELLS;ACTB;HSPA5;GPX1;CYP51A1;UBE2B;MEX3D;RAB6A;RPL26;YTHDC1;HSPB1	261	0.3
